giocatore,squadra,ruolo,ruolo_fine,minuti,TPI_totale,TPI_casa,TPI_trasferta,TPI_vs_top6,TPI_vs_forti,TPI_ext_totale,totale_output_adj,totale_centralita,totale_boost_ratio,totale_consistenza,casa_output_adj,trasferta_output_adj,vs_top6_output_adj,vs_forti_output_adj,goal_tot,xg_tot_conv,conv_ratio,finishing_quality,goal_minus_xg,xg_p90,xa_p90,sos,form_ewma,form_trend,eta,eta_index,partite_disponibili,partite_giocate,n_infortuni,giorni_out,affidabilita_fisica,rank_TPI,rank_TPI_ext,rank_output_adj,rank_conv,rank_eta,rank_affidabilita,z_totale_output_adj,z_totale_centralita,z_totale_boost_ratio,z_totale_consistenza,z_conv_ratio,z_finishing,z_eta_index,z_affidabilita_fisica
Bruno Fernandes,Manchester United,ATT,TREQUARTISTA,3082.0,1.6228,1.8108,1.031,1.8147,1.7571,1.08,0.6808,33.6897,,0.5834,0.7937,0.5002,0.7546,0.7776,5,7.36,0.679,-0.8699,-2.36,0.215,0.518,1.004,0.889,0.2,31.71,0.1683,38,35,0,0,0.9605,1,3,2,189,314,65,2.7858,3.0,,1.8415,-0.3663,-0.6968,-1.9449,0.9406
Erling Haaland,Manchester City,ATT,CENTRAVANTI,2979.0,1.5767,1.5925,1.5426,1.6021,1.5164,1.3308,0.849,38.8036,,0.5581,0.9395,0.6521,0.7806,0.7989,24,25.78,0.931,-0.3506,-1.78,0.779,0.1665,1.0121,1.0646,0.164,25.84,0.5957,38,35,0,0,0.9605,2,1,1,117,151,65,3.0,3.0,,1.5913,0.193,-0.0478,0.2445,0.9406
Enzo Fernández,Chelsea,CEN,MEDIANO,3149.0,1.3843,1.3329,1.4175,1.2876,1.1988,1.1317,0.4936,26.2801,,0.5153,0.3924,0.519,0.4064,0.5772,8,10.39,0.77,-0.7415,-2.39,0.297,0.2527,1.0024,0.3644,-0.333,25.35,0.639,38,36,0,0,0.9737,3,2,29,164,134,45,3.0,3.0,,1.8131,-0.2871,-0.909,0.6548,1.2114
Phil Foden,Manchester City,CEN,MEZZALA,2083.0,1.2551,1.2233,1.3581,0.3449,0.6108,0.7525,0.464,18.666,,0.2171,0.4474,0.3654,0.2057,0.293,7,6.68,1.048,0.1238,0.32,0.289,0.2631,0.9995,0.8193,-0.421,25.99,0.5818,38,33,0,0,0.9342,4,8,41,92,156,107,3.0,2.2557,,-1.7359,0.1651,0.3026,0.4039,0.6924
Ollie Watkins,Aston Villa,ATT,CENTRAVANTI,2908.0,1.1647,0.9718,1.3436,1.6873,1.6182,0.9136,0.6275,35.6364,,0.4528,0.6344,0.564,0.795,0.8206,16,18.81,0.851,-0.6479,-2.81,0.582,0.0873,1.0009,1.1855,0.717,30.4,0.218,38,37,0,0,0.9868,5,4,4,139,299,26,2.1956,3.0,,0.5499,0.0155,-0.4194,-1.6903,1.2867
Anton Stach,Leeds,CEN,MEZZALA,2394.0,1.0335,0.9914,1.2346,0.8179,0.5375,0.6111,0.3101,21.0361,0.7423,0.5266,0.3116,0.2735,0.2473,0.2084,5,2.92,1.712,1.2172,2.08,0.11,0.2241,0.991,0.2058,-0.431,27.52,0.4327,38,29,0,0,0.8816,6,21,124,20,218,176,1.6407,2.9454,-2.3635,1.9476,1.2453,1.8336,-0.2499,0.0013
Bruno Guimarães,Newcastle United,CEN,MEZZALA,2467.0,1.0041,1.1378,0.6764,1.1427,0.896,0.6141,0.2987,17.2039,1.294,0.4384,0.3373,0.23,0.2882,0.2589,7,5.06,1.383,0.8624,1.94,0.185,0.1415,1.0131,0.2774,-0.235,28.52,0.3403,38,29,0,0,0.8816,7,20,130,56,251,176,1.469,1.8302,2.3672,0.8979,0.7101,1.3368,-0.6551,0.0013
Daniel Muñoz,Crystal Palace,DIF,QUINTO,2417.0,1.0024,0.9093,0.9773,0.8153,0.2521,0.5421,0.2678,16.2434,1.1292,0.4776,0.2652,0.221,0.2309,0.1355,4,3.15,1.27,0.4789,0.85,0.117,0.1888,1.005,0.3672,0.191,29.99,0.239,38,29,0,0,0.8816,8,25,140,66,294,176,3.0,2.6555,1.3246,1.7974,1.087,1.4215,-1.1618,0.2815
Mathis Cherki,Manchester City,ATT,TREQUARTISTA,1792.0,0.9647,0.8805,0.9769,0.0894,0.2111,0.7811,0.6562,21.2231,,0.3431,0.6717,0.535,0.4961,0.5445,4,4.67,0.857,-0.31,-0.67,0.235,0.5414,1.0182,0.5498,-0.558,22.77,0.7603,38,33,0,0,0.9342,9,7,3,136,40,107,2.5133,0.5858,,-0.535,0.0288,0.003,1.0876,0.5944
Hugo Ekitike,Liverpool,ATT,CENTRAVANTI,1835.0,0.9611,1.1869,0.5526,0.1855,1.2106,0.6798,0.6212,25.8707,1.0841,0.5621,0.6786,0.4738,0.492,0.6666,11,11.93,0.922,-0.2693,-0.93,0.585,0.1216,1.0188,0.6228,-0.008,23.93,0.7309,38,28,0,0,0.8684,10,13,7,119,72,191,2.1253,1.4874,0.6197,1.6308,0.1731,0.0539,0.937,-0.2715
Nico O'Reilly,Manchester City,DIF,TERZINO,2646.0,0.958,0.8647,0.9212,0.8205,0.8934,0.8795,0.3136,14.8581,,0.4451,0.3055,0.2634,0.2352,0.3468,5,6.73,0.743,-0.6669,-1.73,0.229,0.131,1.0095,0.4619,0.332,21.17,0.7712,38,34,0,0,0.9474,11,5,123,173,23,86,3.0,2.1417,,1.3714,0.1347,-0.5385,1.2918,0.9773
Declan Rice,Arsenal,CEN,MEZZALA,3111.0,0.9161,0.946,0.802,0.7376,0.6994,0.7063,0.3147,16.9748,,0.5377,0.3319,0.2692,0.2676,0.2854,4,3.72,1.075,0.1452,0.28,0.108,0.2358,1.0237,0.1503,-0.551,27.36,0.4488,38,36,0,0,0.9737,12,11,121,87,211,45,1.7101,1.7635,,2.0797,0.209,0.3326,-0.1793,1.2114
Bryan Mbeumo,Manchester United,ATT,ALA,2676.0,0.9042,0.7785,1.0148,1.0367,1.6084,0.6627,0.5875,26.5897,,0.5038,0.5932,0.5313,0.6296,0.7827,11,13.3,0.827,-0.6307,-2.3,0.447,0.1712,0.9922,1.1303,0.851,26.8,0.5051,38,33,0,0,0.9342,13,14,10,151,193,107,1.7522,1.6269,,1.0542,-0.0378,-0.3979,-0.2196,0.5944
Casemiro,Manchester United,CEN,MEDIANO,2649.0,0.8956,1.0314,0.7514,0.9838,1.1888,0.6358,0.3052,14.962,,0.3506,0.3091,0.267,0.3015,0.3512,9,6.56,1.372,0.9527,2.44,0.223,0.1077,1.0092,0.3315,-0.24,34.25,0.1161,38,34,0,0,0.9474,14,17,126,57,329,86,1.5666,1.1777,,-0.1471,0.6922,1.4633,-1.6383,0.8658
João Pedro,Chelsea,ATT,CENTRAVANTI,2698.0,0.8924,0.3871,1.3814,0.9677,0.2974,0.6161,0.6118,26.5117,,0.4815,0.5575,0.6084,0.6238,0.5305,15,15.73,0.954,-0.1841,-0.73,0.525,0.1328,1.0072,0.5198,-0.172,24.66,0.6915,38,35,0,0,0.9605,15,19,8,110,102,65,2.0214,1.6117,,0.8337,0.2441,0.1604,0.7352,0.9406
Bukayo Saka,Arsenal,ATT,ALA,2239.0,0.8811,0.6827,1.1981,0.1744,0.2536,0.5975,0.5944,25.5034,0.8881,0.5209,0.594,0.5354,0.4926,0.5024,6,7.94,0.756,-0.6885,-1.94,0.319,0.3425,1.0323,0.9614,0.227,24.71,0.6881,38,31,0,0,0.9079,16,22,9,170,105,145,1.8288,1.4161,-0.9709,1.2234,-0.1954,-0.4701,0.7178,0.2483
Mikel Merino,Arsenal,CEN,MEZZALA,1002.0,0.879,0.8423,0.7338,0.2482,0.4094,0.3528,0.4359,16.1939,1.0285,0.4198,0.3697,0.3511,0.2297,0.2671,4,5.23,0.765,-0.5378,-1.23,0.47,0.2057,1.0204,1.8682,1.459,29.92,0.2429,38,22,0,0,0.7895,17,51,55,166,291,274,3.0,1.5362,0.0906,0.6765,-0.2953,-0.6237,-1.0822,-1.2089
Patrick Dorgu,Manchester United,DIF,QUINTO,1436.0,0.8171,0.5629,0.9057,0.8113,0.7951,0.7254,0.2919,12.7635,1.0504,0.4813,0.2254,0.2645,0.2373,0.2661,4,2.98,1.342,0.5909,1.02,0.187,0.1955,0.9878,0.8181,1.363,21.57,0.7775,38,26,0,0,0.8421,18,9,132,60,9,217,3.0,1.3648,0.5157,1.8459,1.2171,1.613,1.3209,-0.1363
Mohamed Salah,Liverpool,ATT,ALA,2163.0,0.7981,0.9727,0.4793,0.6337,1.2702,0.2977,0.5605,26.0312,1.1989,0.575,0.6195,0.447,0.5453,0.7141,6,8.08,0.743,-0.7317,-2.08,0.336,0.2671,1.0028,0.6027,-0.046,33.94,0.1209,38,27,0,0,0.8553,19,58,13,173,327,204,1.4535,1.5185,1.5513,1.7584,-0.2243,-0.5241,-2.1877,-0.4439
Morgan Gibbs-White,Nottingham Forest,ATT,TREQUARTISTA,3142.0,0.796,0.9085,0.6743,0.528,0.7427,0.8225,0.4406,29.069,,0.4215,0.4895,0.3893,0.429,0.4674,14,10.9,1.284,0.939,3.1,0.312,0.1283,0.9942,1.2504,1.432,26.32,0.5507,38,37,0,0,0.9868,20,6,49,64,170,26,0.124,2.1078,,0.2403,0.9766,1.5641,0.014,1.2867
Jéremy Doku,Manchester City,ATT,ALA,1783.0,0.7945,0.9856,0.4903,0.6805,0.335,0.6802,0.5332,18.1258,0.9728,0.5745,0.6174,0.3949,0.5082,0.4644,5,4.01,1.247,0.4944,0.99,0.202,0.3796,1.0065,0.545,-0.019,23.99,0.7284,38,30,0,0,0.8947,21,12,21,69,73,162,1.1508,-0.015,-0.2835,1.7534,0.8945,1.0084,0.9242,0.0746
Richarlison,Tottenham,ATT,CENTRAVANTI,1926.0,0.7908,-0.0213,1.4483,0.7107,0.9746,0.2961,0.568,30.8826,0.8761,0.3598,0.4557,0.6159,0.5691,0.632,11,9.87,1.114,0.3597,1.13,0.461,0.1598,0.9974,0.7311,-0.255,29.04,0.2996,38,32,0,0,0.9211,22,60,12,80,274,126,1.5361,2.4596,-1.0682,-0.3699,0.5992,0.8401,-1.2723,0.422
Tijjani Reijnders,Manchester City,CEN,MEZZALA,1642.0,0.7636,0.6152,0.8864,0.9824,1.1516,0.4455,0.3581,14.2062,0.9505,0.3706,0.3158,0.3285,0.316,0.3787,5,4.86,1.029,0.0635,0.14,0.266,0.1688,1.0148,0.4848,-0.299,27.82,0.4032,38,28,0,0,0.8684,23,35,98,96,228,191,2.3677,0.9578,-0.5782,0.091,0.1342,0.2182,-0.3793,-0.1722
Maxim De Cuyper,Brighton,DIF,TERZINO,1412.0,0.7321,0.8383,0.6021,0.2657,0.3319,0.476,0.2912,14.4289,0.9793,0.2397,0.2714,0.2062,0.1209,0.1348,2,1.75,1.143,0.189,0.25,0.112,0.2983,1.0143,0.6499,-0.238,25.42,0.6331,38,30,0,0,0.8947,24,30,133,77,136,162,3.0,1.9825,-0.2142,-1.3204,0.8575,0.9256,0.6551,0.42
Jack Hinshelwood,Brighton,CEN,TREQUARTISTA,1773.0,0.6782,0.697,0.5393,0.234,0.1894,0.6576,0.3213,16.7498,0.9974,0.4869,0.3336,0.2625,0.2369,0.2364,4,4.76,0.84,-0.3483,-0.76,0.242,0.1188,0.9859,0.4205,0.385,21.12,0.7701,38,27,0,0,0.8553,25,15,115,144,24,204,1.8104,1.698,-0.1761,1.4751,-0.1733,-0.3584,1.2297,-0.3443
Kiernan Dewsbury-Hall,Everton,ATT,TREQUARTISTA,2649.0,0.6637,0.4931,0.7917,-0.3019,0.1054,0.2826,0.3845,24.0812,1.08,0.5029,0.3942,0.389,0.2942,0.3572,8,4.33,1.848,1.7637,3.67,0.147,0.2232,0.9881,0.3305,-0.066,27.71,0.4139,38,31,0,0,0.9079,26,64,86,13,225,145,-0.4974,1.1402,0.5864,1.0453,2.2285,2.595,-0.6868,0.2483
Benjamin Sesko,Manchester United,ATT,CENTRAVANTI,1636.0,0.6528,0.8062,0.5496,0.378,0.6567,0.7254,0.623,23.5057,0.8158,0.4299,0.6633,0.4893,0.5722,0.6241,11,12.52,0.879,-0.4296,-1.52,0.689,0.0325,0.9993,1.2757,0.317,22.98,0.751,38,30,0,0,0.8947,27,9,6,128,48,162,2.1457,1.0286,-1.5576,0.3234,0.0776,-0.1465,1.04,0.0746
Martin Odegaard,Arsenal,CEN,MEZZALA,1347.0,0.6181,0.4634,0.7128,0.8677,0.7487,0.3373,0.3332,13.4671,0.9872,0.2134,0.2743,0.326,0.293,0.3297,1,1.24,0.806,-0.2155,-0.24,0.083,0.3314,1.014,0.8354,-0.664,27.43,0.4417,38,24,0,0,0.8158,28,55,114,155,214,247,1.9904,0.7427,-0.2635,-1.7799,-0.2286,-0.1725,-0.2104,-0.8633
Reece James,Chelsea,DIF,TERZINO,1927.0,0.6128,0.5015,0.5512,0.6187,0.9186,0.4061,0.2122,10.3805,1.0754,0.3353,0.2098,0.1778,0.1815,0.2387,2,1.24,1.613,0.6825,0.76,0.058,0.1868,1.0067,0.1246,-0.656,26.46,0.5374,38,29,0,0,0.8816,29,40,166,32,176,176,2.0002,0.481,0.7724,-0.0676,1.7069,1.7697,0.2139,0.2815
Thiago,Brentford,ATT,CENTRAVANTI,3292.0,0.6011,1.0458,0.0466,0.5996,0.7147,0.4871,0.5587,29.6433,,0.4803,0.6729,0.4075,0.549,0.5925,14,17.84,0.785,-0.9091,-3.84,0.488,0.0943,0.9991,0.3149,-0.45,24.91,0.6739,38,38,0,0,1.0,30,29,14,160,112,8,1.4327,2.2192,,0.8218,-0.131,-0.7458,0.645,1.4604
Antoine Semenyo,Manchester City,ATT,ALA,3220.0,0.5984,0.3762,0.8437,0.0609,0.1938,0.476,0.4304,21.8281,0.9305,0.5533,0.4376,0.4229,0.376,0.4165,16,11.305,1.415,1.3964,4.695,0.316,0.1156,1.0012,0.4275,-0.011,26.38,0.545,38,37,0,0,0.9868,31,30,61,51,172,26,0.0116,0.7032,-0.6268,1.5438,1.2674,2.1359,-0.0152,1.2867
Ryan Sessegnon,Fulham,DIF,TERZINO,1830.0,0.5969,0.7373,0.2894,0.5127,0.1987,0.3918,0.1896,12.8909,1.0477,0.4529,0.233,0.115,0.163,0.1179,3,2.04,1.471,0.6721,0.96,0.1,0.1097,0.9842,0.2458,0.103,26.02,0.579,38,27,0,0,0.8553,32,43,183,40,158,204,1.4875,1.4121,0.488,1.4737,1.4503,1.7519,0.4057,0.0033
Malo Gusto,Chelsea,DIF,TERZINO,2306.0,0.5805,0.2725,0.6678,0.2311,0.1535,0.4711,0.2022,9.6292,,0.4206,0.1791,0.1963,0.1442,0.1209,2,1.95,1.026,0.0358,0.05,0.076,0.1483,0.9992,0.2293,0.136,23.01,0.75,38,34,0,0,0.9474,33,32,171,97,49,86,1.7729,0.2023,,1.0503,0.6461,0.6635,1.1941,0.9773
Dominik Szoboszlai,Liverpool,ATT,TREQUARTISTA,3236.0,0.5749,0.3122,0.7753,0.5398,-0.0168,0.5766,0.3679,19.7259,,0.5317,0.3763,0.3759,0.4096,0.3427,6,3.97,1.511,1.0188,2.03,0.11,0.2459,0.9981,0.7774,1.183,25.58,0.6191,38,36,0,0,0.9737,34,23,94,37,141,45,-0.6811,0.2954,,1.3302,1.4805,1.6639,0.3643,1.1143
Morgan Rogers,Aston Villa,ATT,ALA,3301.0,0.5413,0.7059,0.295,0.3685,0.159,0.6401,0.401,25.1475,,0.5382,0.4738,0.3331,0.4485,0.4183,10,7.16,1.397,1.0614,2.84,0.195,0.2037,1.0067,0.5086,0.267,23.83,0.7348,38,37,0,0,0.9868,35,16,77,54,67,26,-0.3146,1.3471,,1.3944,1.2274,1.7171,0.957,1.2867
Nordi Mukiele,Sunderland,DIF,TERZINO,2793.0,0.5356,0.8401,0.0772,0.4303,0.6517,0.2816,0.1714,15.5027,0.9664,0.4711,0.2304,0.0931,0.1586,0.1897,3,2.78,1.079,0.1319,0.22,0.09,0.0889,0.9836,0.1605,-0.079,28.56,0.337,38,32,0,0,0.9211,36,65,198,85,253,126,1.0739,2.3808,-0.3466,1.7122,0.7419,0.8279,-0.71,0.6992
Ross Barkley,Aston Villa,CEN,MEDIANO,818.0,0.5115,0.4585,0.4661,0.5856,0.3993,0.1759,0.2965,14.0313,0.8833,0.3817,0.2796,0.2485,0.2702,0.236,3,1.92,1.562,0.7794,1.08,0.211,0.2244,1.0291,0.3986,-0.344,32.47,0.1485,38,21,0,0,0.7763,37,106,131,35,318,288,1.4354,0.9069,-1.1545,0.2231,1.0013,1.2206,-1.4962,-1.3823
Cristian Romero,Tottenham,DIF,CENTRALE,1878.0,0.5114,0.362,0.6062,0.7477,0.2148,0.2614,0.1588,14.3019,0.9108,0.3841,0.1416,0.16,0.1907,0.114,4,1.85,2.162,1.5807,2.15,0.089,0.0872,1.0156,0.1308,-0.193,28.07,0.3798,38,23,0,0,0.8026,38,76,217,5,236,261,0.7889,1.9354,-0.9173,0.572,2.699,3.0,-0.5127,-0.554
Florian Wirtz,Liverpool,ATT,TREQUARTISTA,2426.0,0.5112,0.9186,0.1432,-0.2814,-0.3238,0.4536,0.4742,21.1441,,0.449,0.6018,0.3503,0.3504,0.3669,5,7.57,0.661,-0.9341,-2.57,0.281,0.1988,0.987,1.398,1.479,23.06,0.7499,38,33,0,0,0.9342,39,34,35,193,50,107,0.4965,0.5705,,0.5123,-0.4063,-0.7771,1.0343,0.5944
Mats Wieffer,Brighton,DIF,TERZINO,1922.0,0.4986,0.4522,0.3811,0.8954,0.602,0.2838,0.1993,12.9685,0.9775,0.4162,0.21,0.157,0.2362,0.201,2,1.93,1.036,0.0504,0.07,0.09,0.1339,0.9912,0.0492,-0.785,26.52,0.5317,38,26,0,0,0.8421,40,63,173,95,181,217,1.7071,1.4408,-0.2326,0.9927,0.6642,0.6885,0.1876,-0.1363
Viktor Gyokeres,Arsenal,ATT,CENTRAVANTI,2255.0,0.4876,0.6719,0.3423,-0.4436,0.174,0.3585,0.5241,19.0246,,0.2535,0.5776,0.4329,0.3538,0.464,11,11.57,0.951,-0.1676,-0.57,0.462,0.1066,1.024,6.3571,4.655,27.97,0.389,38,36,0,0,0.9737,41,49,23,112,233,45,1.0503,0.1593,,-1.4211,0.2374,0.181,-0.8143,1.1143
Pape Sarr,Tottenham,CEN,MEZZALA,1347.0,0.4844,0.2797,0.6159,-0.2596,-0.0208,0.2978,0.2669,14.8345,0.9199,0.2633,0.2401,0.263,0.1238,0.1358,2,2.04,0.98,-0.028,-0.04,0.136,0.1624,0.9767,1.1376,0.018,23.69,0.7394,38,26,0,0,0.8421,42,57,141,104,65,217,0.9878,1.1406,-0.8406,-1.1861,0.0545,0.0901,1.0951,-0.5177
Adam Wharton,Crystal Palace,CEN,MEZZALA,2596.0,0.4714,0.2886,0.573,0.9126,1.0304,0.4974,0.2594,13.8654,,0.4784,0.2545,0.2483,0.3297,0.3462,1,1.14,0.877,-0.1311,-0.14,0.04,0.2288,0.988,0.2794,0.047,22.29,0.7743,38,34,0,0,0.9474,43,26,146,129,18,86,0.8739,0.8586,,1.3739,-0.1131,-0.0543,1.2481,0.8658
Jean-Philippe Mateta,Crystal Palace,ATT,CENTRAVANTI,2225.0,0.465,0.7208,0.1587,1.1599,0.2378,0.2376,0.5477,24.5775,1.059,0.4279,0.634,0.4155,0.6742,0.5235,8,12.91,0.62,-1.3665,-4.91,0.522,0.051,0.9837,1.7633,1.486,28.9,0.31,38,32,0,0,0.9211,44,87,16,204,268,126,1.3111,1.2365,0.416,0.3036,-0.4973,-1.3175,-1.219,0.422
Pedro Porro,Tottenham,DIF,TERZINO,2815.0,0.4597,0.3946,0.3992,0.0693,0.336,0.3764,0.1676,13.8705,,0.4894,0.1794,0.1435,0.1056,0.1503,1,1.41,0.709,-0.3453,-0.41,0.045,0.1362,1.0255,0.2391,0.401,26.69,0.5155,38,34,0,0,0.9474,45,45,203,182,187,86,0.9875,1.7754,,1.952,0.0733,0.0116,0.113,0.9773
James Ward-Prowse,Burnley,CEN,MEZZALA,1082.0,0.4588,0.646,0.102,0.4043,0.5344,0.2967,0.2573,18.4302,1.0258,0.2852,0.3032,0.1727,0.2103,0.2525,0,0.18,,-0.4243,-0.18,0.015,0.2853,0.9876,1.8837,2.318,26.46,0.5374,38,18,0,0,0.7368,46,59,147,323,176,314,0.8421,2.187,0.0674,-0.9254,,-0.4648,0.2092,-1.9013
Jurriën Timber,Arsenal,DIF,TERZINO,2475.0,0.4556,0.4655,0.4164,0.2168,0.6724,0.3564,0.2143,12.1199,0.8809,0.4298,0.2317,0.171,0.1579,0.2633,3,4.02,0.746,-0.5087,-1.02,0.146,0.0938,1.0166,0.1558,-0.336,24.93,0.6724,38,30,0,0,0.8947,47,50,164,171,115,162,2.0473,1.1261,-1.2243,1.1709,0.1401,-0.2679,0.8363,0.42
Neco Williams,Nottingham Forest,DIF,TERZINO,3203.0,0.4547,0.4285,0.321,0.2009,0.3902,0.423,0.1693,13.8302,,0.4209,0.1932,0.1309,0.1305,0.1735,2,1.87,1.07,0.0951,0.13,0.053,0.1242,0.9947,0.104,-0.388,25.11,0.6586,38,37,0,0,0.9868,48,37,201,89,124,26,1.026,1.7604,,1.0543,0.7256,0.7649,0.7727,1.3939
Jarrod Bowen,West Ham,ATT,ALA,3416.0,0.449,0.6606,0.1145,0.6294,0.4366,0.5481,0.4239,28.9224,,0.5749,0.5069,0.342,0.4672,0.4644,8,7.5,1.067,0.1826,0.5,0.198,0.2218,0.9909,0.5599,0.334,29.42,0.2732,38,38,0,0,1.0,49,24,64,91,284,8,-0.0607,2.0794,,1.7574,0.4949,0.6187,-1.4075,1.4604
Pascal Groß,Brighton,CEN,MEDIANO,1635.0,0.4467,0.2614,0.4945,0.3312,0.4078,0.4953,0.2314,16.0123,0.962,0.571,0.2299,0.2201,0.194,0.215,1,1.24,0.806,-0.2155,-0.24,0.068,0.1817,1.0171,0.2484,-0.002,34.94,0.1064,19,19,0,0,1.0,50,27,153,155,336,8,0.4498,1.4834,-0.4796,2.476,-0.2286,-0.1725,-1.6808,1.557
Gabriel,Arsenal,DIF,CENTRALE,2748.0,0.4412,0.3833,0.3635,0.2242,-0.5466,0.1658,0.2162,11.8911,1.0262,0.4316,0.2207,0.1835,0.1773,0.0765,3,4.65,0.645,-0.7652,-1.65,0.152,0.0891,1.022,0.1728,-0.269,28.43,0.3479,38,32,0,0,0.9211,51,112,162,197,244,126,2.0895,1.0412,0.2673,1.1945,-0.0424,-0.7067,-0.6597,0.6992
Sean Longstaff,Leeds,CEN,MEZZALA,999.0,0.4407,0.5398,0.2659,0.7841,0.6184,0.2774,0.2855,12.7453,0.9275,0.2219,0.2928,0.2229,0.276,0.2756,2,1.38,1.449,0.5278,0.62,0.124,0.2486,1.0157,12.8356,2.86,28.56,0.337,38,23,0,0,0.8026,52,66,135,44,253,261,1.2684,0.5326,-0.7755,-1.6788,0.8175,0.8683,-0.6696,-1.0367
Elliot Anderson,Nottingham Forest,CEN,MEDIANO,3329.0,0.44,0.3763,0.4154,0.5901,0.7409,0.6324,0.2055,15.521,,0.4716,0.2305,0.1808,0.2248,0.2395,3,2.7,1.111,0.1826,0.3,0.073,0.1311,0.994,0.5015,1.461,23.55,0.7433,38,38,0,0,1.0,53,18,169,81,60,8,0.0582,1.3404,,1.293,0.2676,0.385,1.1122,1.557
Marc Guehi,Manchester City,DIF,CENTRALE,3150.0,0.4381,0.2464,0.5061,0.1223,0.1792,0.3423,0.1957,11.4902,1.0094,0.4696,0.1882,0.1832,0.1627,0.1706,3,4.699,0.638,-0.7838,-1.699,0.134,0.0778,1.0132,0.0797,-0.624,25.86,0.5939,38,35,0,0,0.9605,54,53,180,199,153,65,1.6256,0.8925,0.0948,1.6925,-0.0551,-0.7385,0.4744,1.1158
Dango Ouattara,Brentford,ATT,ALA,2303.0,0.4379,0.8254,-0.0304,0.4689,0.2312,0.4025,0.5437,25.3318,0.8674,0.4637,0.6449,0.3849,0.5527,0.5364,7,8.7,0.805,-0.5764,-1.7,0.34,0.2294,0.9898,0.8198,0.422,24.28,0.7144,38,32,0,0,0.9211,55,42,17,157,89,126,1.2669,1.3828,-1.1388,0.6577,-0.0866,-0.33,0.8525,0.422
Harry Wilson,Fulham,ATT,ALA,2751.0,0.4292,0.1812,0.6875,0.1762,0.4204,0.425,0.3803,22.1054,,0.5298,0.3863,0.3889,0.3668,0.4353,10,5.74,1.742,1.7781,4.26,0.188,0.1796,0.993,0.4507,0.244,33.79,0.1233,38,36,0,0,0.9737,56,36,87,16,325,45,-0.5443,0.757,,1.3114,1.9932,2.613,-2.1754,1.1143
Hugo Bueno,Wolverhampton Wanderers,DIF,QUINTO,2351.0,0.419,0.3505,0.4868,0.3938,0.2498,0.4938,0.1636,13.6084,,0.25,0.1793,0.1365,0.1521,0.1192,1,0.9,1.111,0.1054,0.1,0.034,0.1401,0.9985,1.6764,3.751,23.68,0.7397,38,35,0,0,0.9605,57,28,208,81,64,65,0.8974,1.6782,,-1.1854,0.7997,0.7826,1.1466,1.1158
James Justin,Leeds,DIF,TERZINO,1895.0,0.4091,0.3954,0.2896,-0.2256,-0.1633,0.2033,0.2121,12.2702,1.0094,0.3353,0.2382,0.15,0.0673,0.095,2,2.57,0.778,-0.3556,-0.57,0.122,0.1216,0.9986,0.3304,0.868,28.25,0.3636,38,29,0,0,0.8816,58,100,167,162,240,176,1.9977,1.1818,0.0948,-0.0676,0.1979,-0.006,-0.5874,0.2815
Mathias Jensen,Brentford,CEN,MEZZALA,2258.0,0.3965,0.321,0.3888,0.3774,0.1998,0.4088,0.2607,11.6575,,0.2646,0.2732,0.2274,0.238,0.2252,3,1.6,1.875,1.1068,1.4,0.064,0.2132,0.9967,0.2091,-0.7,30.39,0.2185,38,36,0,0,0.9737,59,38,143,11,298,45,0.8938,0.2161,,-1.1706,1.5105,1.6791,-1.1892,1.2114
Danny Welbeck,Brighton,ATT,CENTRAVANTI,2286.0,0.3932,0.5138,0.2367,0.0583,0.5347,0.4052,0.4819,21.0472,,0.3235,0.5531,0.4022,0.4788,0.5669,12,10.45,1.148,0.4795,1.55,0.411,0.0894,1.003,0.7545,0.055,35.49,0.0991,38,37,0,0,0.9868,60,41,33,75,339,26,0.5821,0.5517,,-0.7289,0.6747,0.9898,-2.2993,1.2867
Matheus Cunha,Manchester United,ATT,TREQUARTISTA,2506.0,0.3921,0.4245,0.378,0.9353,-0.0504,0.27,0.3895,16.9224,,0.436,0.4655,0.3306,0.5384,0.3638,10,7.05,1.418,1.111,2.95,0.253,0.1325,1.014,0.7625,0.766,26.99,0.4872,38,33,0,0,0.9342,61,71,85,50,196,107,-0.4423,-0.2485,,0.3837,1.274,1.7791,-0.3113,0.5944
Matthew Cash,Aston Villa,DIF,TERZINO,3040.0,0.392,0.0919,0.6846,0.4554,0.7067,0.2023,0.1284,10.0164,,0.4466,0.1026,0.1528,0.1367,0.1948,3,1.24,2.419,1.5805,1.76,0.037,0.095,1.0197,0.0933,-0.283,28.79,0.3185,38,35,0,0,0.9605,62,101,248,3,264,65,0.0985,0.3459,,1.3911,3.0,3.0,-0.7953,1.1158
Marc Cucurella,Chelsea,DIF,TERZINO,2714.0,0.3854,0.5347,0.1764,0.7107,0.3306,0.226,0.1962,10.9878,,0.1889,0.2202,0.1495,0.2241,0.1654,1,1.9,0.526,-0.6529,-0.9,0.063,0.1506,1.0068,0.3622,-0.549,27.84,0.4013,38,34,0,0,0.9474,63,91,178,214,229,86,1.637,0.7062,,-1.9862,-0.2574,-0.5146,-0.4135,0.9773
Noah Okafor,Leeds,ATT,CENTRAVANTI,1592.0,0.3822,0.4428,0.2094,-0.1919,-0.1212,0.2558,0.4672,18.2695,1.0374,0.4238,0.5373,0.3624,0.3794,0.3988,8,6.29,1.272,0.6818,1.71,0.356,0.1266,0.9901,0.8186,0.489,26.0,0.5809,38,28,0,0,0.8684,64,78,39,65,157,191,0.4189,0.0128,0.2407,0.2631,0.95,1.2427,0.1687,-0.2715
Keane Lewis-Potter,Brentford,DIF,TERZINO,1949.0,0.372,0.3164,0.2117,0.1633,0.2365,0.338,0.2285,10.4882,,0.2778,0.242,0.1608,0.1745,0.1923,3,3.21,0.935,-0.1172,-0.21,0.148,0.1261,1.005,0.172,-0.653,25.25,0.6473,38,36,0,0,0.9737,65,54,154,115,131,45,2.3693,0.5209,,-0.8211,0.4817,0.4018,0.7206,1.2554
Callum Wilson,West Ham,ATT,CENTRAVANTI,1229.0,0.3674,0.4695,0.1912,0.3128,0.3156,0.2752,0.5301,18.7633,1.2022,0.1914,0.5841,0.4154,0.504,0.5495,7,7.6,0.921,-0.2176,-0.6,0.557,0.0754,1.0061,2.0075,-0.469,33.79,0.1233,38,32,0,0,0.9211,66,67,22,121,325,126,1.1161,0.1086,1.578,-2.0353,0.1708,0.1185,-2.1754,0.422
John McGinn,Aston Villa,ATT,ALA,2221.0,0.3592,0.5584,0.1546,0.5894,0.3236,0.3664,0.3418,16.4999,1.2192,0.3124,0.4032,0.3131,0.506,0.4631,5,2.99,1.672,1.1624,2.01,0.121,0.1977,1.0015,2.2426,3.173,31.6,0.1717,38,30,0,0,0.8947,67,47,108,24,313,162,-0.9705,-0.3305,1.716,-0.8386,1.8378,1.8434,-1.9275,0.0746
David Brooks,Bournemouth,ATT,ALA,1191.0,0.3422,-0.2781,0.7319,0.1547,0.3526,0.1045,0.623,19.1791,0.9546,0.2312,0.4878,0.6412,0.5514,0.5922,1,6.53,0.153,-2.1641,-5.53,0.493,0.3174,0.9943,5.1585,0.821,28.88,0.3116,38,31,0,0,0.9079,68,132,5,248,266,145,2.1459,0.1893,-0.4312,-1.6417,-1.5339,-2.3145,-1.2108,0.2483
Rodrigo Gomes,Wolverhampton Wanderers,DIF,QUINTO,951.0,0.3406,0.435,0.1756,0.4763,0.2847,0.2701,0.1745,12.0582,1.1065,0.1953,0.2216,0.0908,0.1831,0.1483,3,2.29,1.31,0.4692,0.71,0.217,0.0142,1.0064,0.4726,-0.768,22.88,0.7557,38,22,0,0,0.7895,69,70,197,62,44,274,1.1445,1.1032,1.0916,-1.9023,1.1593,1.4049,1.2204,-0.6925
Eli Junior Kroupi,Bournemouth,ATT,TREQUARTISTA,1708.0,0.34,0.2079,0.492,0.2735,0.2721,0.4635,0.4631,15.6776,,0.3342,0.4669,0.4427,0.4908,0.4989,11,7.34,1.499,1.3509,3.66,0.387,0.0959,1.0027,0.3152,-0.574,19.92,0.7274,38,33,0,0,0.9342,70,33,42,39,76,107,0.3743,-0.49,,-0.6231,1.4538,2.079,0.9191,0.5944
Valentín Castellanos,West Ham,ATT,CENTRAVANTI,1430.0,0.3399,0.1966,0.27,-0.2073,-0.0864,0.2899,0.4681,22.7266,1.3097,0.5994,0.5112,0.4041,0.4157,0.4707,6,7.1,0.845,-0.4128,-1.1,0.447,0.0472,0.9946,0.7318,0.52,27.64,0.4207,18,18,0,0,1.0,71,61,38,143,221,8,0.4295,0.8775,2.4504,1.9997,0.0022,-0.1255,-0.652,1.4604
Bernardo Silva,Manchester City,CEN,MEZZALA,2917.0,0.336,-0.1187,0.6691,0.6257,0.6195,0.2172,0.2416,11.0091,,0.4426,0.2004,0.2715,0.281,0.2966,2,2.87,0.697,-0.5135,-0.87,0.089,0.1629,1.0105,0.208,-0.12,26.81,0.5041,38,38,0,0,1.0,72,95,150,185,194,8,0.6046,0.0274,,0.9479,-0.4059,-0.5897,0.0632,1.557
Cody Gakpo,Liverpool,ATT,ALA,2758.0,0.331,-0.2729,1.0256,0.6693,0.0708,0.0902,0.5138,24.2651,,0.449,0.4439,0.557,0.5746,0.5121,7,9.82,0.713,-0.8999,-2.82,0.32,0.216,1.0074,0.4642,-0.273,27.05,0.481,38,36,0,0,0.9737,73,139,27,181,200,45,0.9354,1.1759,,0.5123,-0.2908,-0.7343,-0.3431,1.1143
Pedro Neto,Chelsea,ATT,ALA,2667.0,0.3213,0.3059,0.3136,0.3104,-0.2143,0.2652,0.4396,19.6749,,0.5249,0.4943,0.3812,0.4802,0.3705,5,5.15,0.971,-0.0661,-0.15,0.174,0.2686,0.9999,0.3036,-0.329,26.21,0.5612,38,34,0,0,0.9474,74,73,51,105,165,86,0.1136,0.2855,,1.2629,0.2818,0.3079,0.0677,0.7682
Yeremi Pino,Crystal Palace,ATT,TREQUARTISTA,2134.0,0.3172,0.5348,-0.0066,0.5379,0.4568,0.4063,0.5148,21.9734,,0.5269,0.5921,0.4032,0.5948,0.5596,2,4.36,0.459,-1.1302,-2.36,0.184,0.3576,0.995,0.8623,0.406,23.59,0.7422,38,34,0,0,0.9474,75,39,25,227,61,86,0.9467,0.7313,,1.2827,-0.8546,-1.0222,0.9949,0.7682
Jeremie Frimpong,Liverpool,DIF,TERZINO,1027.0,0.3109,0.4753,-0.0902,0.256,0.3508,0.14,0.2032,10.2969,1.0143,0.226,0.2493,0.0911,0.1459,0.1929,0,0.52,0.0,-0.7211,-0.52,0.046,0.2366,1.0302,0.8443,-0.727,25.45,0.6305,38,21,0,0,0.7763,76,120,170,275,138,288,1.7962,0.45,0.1451,-1.5,-1.208,-0.6312,0.6431,-0.8321
Dominic Calvert-Lewin,Leeds,ATT,CENTRAVANTI,2732.0,0.3049,0.2455,0.297,0.1758,-0.0768,0.3804,0.5153,27.0047,,0.536,0.5431,0.4579,0.5419,0.4945,10,14.89,0.672,-1.2672,-4.89,0.491,0.0511,1.0131,0.6182,0.132,29.19,0.2888,38,35,0,0,0.9605,77,44,24,191,278,65,0.952,1.7074,,1.3727,-0.3819,-1.1934,-1.3276,0.9406
Rayan,Bournemouth,ATT,ALA,1146.0,0.3,0.2537,0.3275,0.2304,0.9229,0.35,0.4247,18.4122,1.0227,0.4143,0.4551,0.398,0.438,,5,2.68,1.866,1.4172,2.32,0.21,0.2175,1.0143,0.39,-0.383,19.81,0.7226,15,15,0,0,1.0,78,52,63,12,83,8,-0.0518,0.0405,0.1214,0.1691,2.2684,2.1619,0.8945,1.4604
Malick Thiaw,Newcastle United,DIF,CENTRALE,2968.0,0.2986,0.2678,0.1891,-0.2894,0.1929,0.226,0.1914,12.4043,,0.3672,0.2278,0.1374,0.0875,0.1921,4,5.91,0.677,-0.7857,-1.91,0.179,0.0252,0.9974,0.095,-0.507,24.79,0.6826,38,35,0,0,0.9605,79,91,181,190,108,65,1.5268,1.2316,,0.3505,0.0154,-0.7417,0.8833,1.1158
Beto,Everton,ATT,CENTRAVANTI,1552.0,0.2982,0.2451,0.2481,0.0741,0.3763,0.2223,0.5873,22.8256,,0.1913,0.5923,0.4889,0.5113,0.6013,9,10.94,0.823,-0.5865,-1.94,0.634,0.0591,0.9936,0.6377,-0.712,28.31,0.3583,38,37,0,0,0.9868,80,93,11,153,242,26,1.7507,0.8967,,-2.0363,-0.0467,-0.3426,-0.9716,1.2867
Archie Gray,Tottenham,DIF,CENTRALE,1497.0,0.2906,0.2614,0.1923,-0.047,-0.0834,0.2324,0.1702,11.9429,1.1194,0.3402,0.1806,0.1313,0.0891,0.0968,2,1.61,1.242,0.3074,0.39,0.097,0.0998,1.018,0.1211,-0.447,20.2,0.7394,38,24,0,0,0.8158,81,89,200,70,65,247,1.0458,1.0605,1.224,-0.0033,1.0364,1.1281,1.1452,-0.4144
Virgil van Dijk,Liverpool,DIF,CENTRALE,3420.0,0.2895,-0.0039,0.5709,0.4046,-0.0127,0.2643,0.1348,8.9806,,0.3885,0.0983,0.1681,0.1372,0.0921,6,4.89,1.227,0.502,1.11,0.129,0.0084,1.0038,0.2363,0.723,34.88,0.1072,38,38,0,0,1.0,82,75,240,71,335,8,0.2431,-0.0383,,0.6297,1.0093,1.461,-1.7695,1.5335
Leandro Trossard,Arsenal,ATT,ALA,2026.0,0.2868,-0.0487,0.5664,0.225,0.0636,0.1612,0.4854,17.6428,1.1039,0.5255,0.4769,0.4708,0.5296,0.4736,6,6.75,0.889,-0.2887,-0.75,0.3,0.2217,1.0322,0.6457,0.072,31.47,0.1758,38,31,0,0,0.9079,83,114,32,126,311,145,0.6213,-0.1087,0.7803,1.2688,0.0998,0.0296,-1.9064,0.2483
Josh Cullen,Burnley,CEN,MEZZALA,1533.0,0.2817,0.1642,0.3673,-0.0667,0.1614,-0.0807,0.1838,15.7247,1.049,0.3901,0.202,0.1795,0.134,0.1622,2,1.01,1.98,0.9851,0.99,0.059,0.1063,0.9808,0.2054,0.29,30.13,0.2315,38,18,0,0,0.7368,84,208,189,7,296,314,-0.271,1.3997,0.2664,0.323,1.6813,1.5087,-1.1322,-1.9013
Adrien Truffert,Bournemouth,DIF,TERZINO,3391.0,0.2682,-0.236,0.752,-0.0543,-0.1247,0.2383,0.1635,10.5764,,0.3795,0.0984,0.2187,0.1122,0.1109,1,2.0,0.5,-0.7071,-1.0,0.053,0.1176,1.0012,0.3757,1.206,24.51,0.7011,38,38,0,0,1.0,85,86,209,221,98,8,0.8943,0.5536,,0.5117,-0.3044,-0.6073,0.9686,1.5335
Jarrad Branthwaite,Everton,DIF,CENTRALE,682.0,0.2611,0.2747,0.2777,0.5958,0.5956,0.1956,0.1145,11.2376,1.1856,0.4498,0.1376,0.0967,,,1,0.31,,1.2393,0.69,0.041,0.0488,1.0134,0.1108,0.565,23.91,0.7317,16,10,0,0,0.8125,86,102,272,323,71,254,-0.2161,0.7989,1.9036,1.433,,2.7222,1.1097,-0.4493
Milos Kerkez,Liverpool,DIF,TERZINO,2271.0,0.2591,0.162,0.3003,0.3646,0.3167,0.3732,0.1277,7.2388,,0.3524,0.1251,0.1283,0.1379,0.1527,2,1.4,1.429,0.5071,0.6,0.055,0.0737,1.0038,0.5239,1.205,22.54,0.7683,38,34,0,0,0.9474,87,46,250,46,27,86,0.0828,-0.6843,,0.1566,1.3744,1.4697,1.2785,0.9773
Quilindschy Hartman,Burnley,DIF,TERZINO,1843.0,0.2577,-0.1732,0.6044,0.0933,-0.0627,0.1049,0.1481,15.3354,1.0723,0.4167,0.105,0.1781,0.1314,0.1077,0,0.37,,-0.6083,-0.37,0.018,0.1372,0.9757,0.1698,0.12,24.52,0.7005,38,21,0,0,0.7763,88,131,226,323,99,288,0.5463,2.3187,0.7405,0.9992,,-0.4383,0.9659,-0.8321
Vitaly Janelt,Brentford,CEN,MEDIANO,1421.0,0.2523,-0.0256,0.473,0.0303,0.0503,0.0429,0.2687,11.7277,0.9923,0.3996,0.2285,0.2766,0.1957,0.2348,1,0.75,1.333,0.2887,0.25,0.048,0.2407,0.9504,0.1342,-0.571,28.04,0.3825,38,25,0,0,0.8289,89,157,139,61,234,232,1.0139,0.2365,-0.2198,0.4361,0.6288,0.5335,-0.47,-0.6912
Dan Ballard,Sunderland,DIF,CENTRALE,2143.0,0.2506,0.214,0.2785,0.163,0.4716,0.1672,0.198,17.0302,0.8323,0.2793,0.1886,0.1789,0.1583,0.2039,2,3.69,0.542,-0.8798,-1.69,0.155,0.0664,1.0091,0.0472,-0.903,26.67,0.5174,38,29,0,0,0.8816,90,109,176,210,185,176,1.677,2.9473,-1.7232,-0.8015,-0.2285,-0.9027,0.1217,0.2815
Diogo Dalot,Manchester United,DIF,QUINTO,2614.0,0.2479,0.3003,0.0109,0.005,-0.1004,0.1761,0.1808,9.7093,,0.4523,0.2086,0.131,0.149,0.1235,1,2.2,0.455,-0.809,-1.2,0.076,0.1208,1.0149,0.1399,-0.263,27.18,0.4674,38,34,0,0,0.9474,91,105,192,228,205,86,1.2863,0.232,,1.4658,-0.3858,-0.7816,-0.1088,0.9773
Harvey Barnes,Newcastle United,ATT,ALA,1947.0,0.2409,0.4735,-0.0992,0.8332,0.5198,0.1063,0.4927,18.4558,,0.4506,0.6042,0.347,0.5957,0.5715,7,8.04,0.871,-0.3668,-1.04,0.372,0.1442,0.9894,0.7984,0.411,28.45,0.3462,38,37,0,0,0.9868,92,129,30,132,245,26,0.7015,0.049,,0.5281,0.0599,-0.068,-1.0336,1.2867
Ian Maatsen,Aston Villa,DIF,TERZINO,1587.0,0.231,0.1747,0.1806,0.4144,0.2723,0.2422,0.2001,10.8426,0.9894,0.3473,0.193,0.1662,0.2265,0.2206,0,1.29,0.0,-1.1358,-1.29,0.073,0.1679,1.0014,0.3394,-0.086,24.21,0.7181,38,30,0,0,0.8947,93,83,172,275,85,162,1.7252,0.6524,-0.1105,0.0897,-1.208,-1.3406,1.047,0.42
Nicolò Savona,Nottingham Forest,DIF,TERZINO,1036.0,0.2228,0.3369,0.0676,0.4143,0.5286,0.112,0.1437,13.8396,0.8052,0.3721,0.1793,0.0969,0.1685,0.1965,2,1.23,1.626,0.6943,0.77,0.107,0.0513,0.9432,0.0944,-0.28,23.18,0.7493,38,14,0,0,0.6842,94,128,230,29,53,334,0.4445,1.7639,-2.0014,0.4147,1.7304,1.7899,1.1909,-1.8061
Josko Gvardiol,Manchester City,DIF,TERZINO,1374.0,0.207,0.1294,0.2447,-0.1668,0.3006,0.1176,0.138,8.763,0.9172,0.3138,0.1426,0.1245,0.0882,0.1517,2,1.85,1.081,0.1103,0.15,0.121,0.0282,1.0088,0.225,0.137,24.33,0.7117,38,18,0,0,0.7368,95,127,234,83,91,314,0.3172,-0.119,-0.8516,-0.3493,0.7455,0.7909,1.0175,-1.2498
William Osula,Newcastle United,ATT,CENTRAVANTI,777.0,0.207,0.2567,0.0956,0.1622,0.193,0.3104,0.504,15.1862,0.8823,0.3703,0.5621,0.3911,0.4883,0.5285,7,4.93,1.42,0.9323,2.07,0.571,0.0521,0.9718,0.6326,-0.341,22.8,0.7591,38,24,0,0,0.8158,95,56,28,49,41,247,0.8268,-0.5853,-1.0179,-0.266,1.2785,1.5558,1.0815,-0.9638
Lewis Hall,Newcastle United,DIF,TERZINO,2164.0,0.2057,0.0583,0.3274,-0.1329,-0.0095,0.2363,0.1492,9.5433,1.0529,0.3438,0.1558,0.1333,0.0857,0.1329,1,1.27,0.787,-0.2396,-0.27,0.053,0.1061,1.016,0.2491,0.146,21.71,0.7784,38,30,0,0,0.8947,97,88,224,159,7,162,0.5711,0.1704,0.5414,0.0438,0.2142,0.1924,1.325,0.42
James Garner,Everton,CEN,MEDIANO,3417.0,0.2047,0.3143,0.0187,-0.1255,-0.1829,0.2506,0.2138,16.2564,,0.4318,0.2322,0.1938,0.166,0.1361,2,2.08,0.962,-0.0555,-0.08,0.055,0.1599,0.9983,0.12,-0.441,25.2,0.6514,38,38,0,0,1.0,98,80,165,107,128,8,0.183,1.5544,,0.8193,0.0252,0.0516,0.7092,1.557
Jayden Bogle,Leeds,DIF,QUINTO,2822.0,0.2036,-0.0462,0.3958,0.3018,0.0615,0.2075,0.1622,11.086,,0.4118,0.144,0.1699,0.1816,0.1487,1,1.88,0.532,-0.6418,-0.88,0.06,0.1119,1.0097,0.2294,0.431,25.82,0.5976,38,34,0,0,0.9474,99,97,213,212,149,86,0.8663,0.7426,,0.935,-0.2466,-0.4956,0.4915,0.9773
Rodri,Manchester City,CEN,MEDIANO,1500.0,0.1974,0.0248,0.261,-0.1615,-0.0511,-0.0931,0.2145,10.4075,0.8793,0.4643,0.2276,0.2,0.1695,0.1882,1,1.2,0.833,-0.1826,-0.2,0.072,0.1368,0.9539,0.2157,0.024,29.92,0.2429,38,21,0,0,0.7763,100,219,163,150,291,288,0.1936,-0.1477,-1.1888,1.2061,-0.1846,-0.1264,-1.0822,-1.3823
Piero Hincapié,Arsenal,DIF,TERZINO,1786.0,0.197,0.0971,0.3615,0.0837,0.0336,0.1875,0.1243,7.3659,0.9272,0.2047,0.1259,0.1223,0.0924,0.1045,1,0.41,,0.9214,0.59,0.021,0.1068,1.0253,0.3854,0.193,24.37,0.7094,38,25,0,0,0.8289,101,103,254,323,92,232,0.0058,-0.6371,-0.749,-1.7791,,2.1784,1.0069,-0.2759
Omar Marmoush,Manchester City,ATT,ALA,693.0,0.1948,0.1759,0.0881,0.01,0.1594,0.0842,0.5388,14.1952,1.003,0.3255,0.5593,0.4279,0.4755,0.5355,3,3.78,0.794,-0.4012,-0.78,0.491,0.2766,1.0121,1.5664,-0.285,27.29,0.456,38,21,0,0,0.7763,102,140,19,158,207,288,1.2133,-0.7775,-0.0385,-0.7091,-0.111,-0.111,-0.4711,-1.4836
Santiago Bueno,Wolverhampton Wanderers,DIF,CENTRALE,2549.0,0.1945,0.001,0.3613,0.1332,0.4106,0.2037,0.1051,11.2895,1.0821,0.3061,0.1013,0.1143,0.0889,0.1295,3,2.0,1.5,0.7071,1.0,0.071,0.0314,1.0163,0.3032,2.042,27.54,0.4307,38,29,0,0,0.8816,103,99,285,38,219,176,-0.4303,0.8181,0.8411,-0.4502,1.5027,1.8118,-0.278,0.2815
Marcus Tavernier,Bournemouth,ATT,ALA,2779.0,0.1927,-0.2481,0.6551,0.606,0.1624,0.1238,0.4505,22.5603,,0.4716,0.4109,0.4855,0.5718,0.4945,5,7.89,0.634,-1.0289,-2.89,0.256,0.1992,0.9981,0.7203,0.717,27.17,0.4684,38,34,0,0,0.9474,104,124,47,200,204,86,0.234,0.8452,,0.7358,-0.4662,-0.8956,-0.4076,0.7682
Alejandro Garnacho,Chelsea,ATT,ALA,1285.0,0.1917,0.1029,0.0718,-0.0722,-0.4681,0.2066,0.5336,18.5114,0.9008,0.4614,0.5484,0.4524,0.4832,0.4334,1,4.11,0.243,-1.534,-3.11,0.288,0.2949,0.9662,0.232,-0.49,21.89,0.7785,38,24,0,0,0.8158,105,98,20,244,5,247,1.1548,0.0598,-0.8678,0.6349,-1.3341,-1.5269,1.1808,-0.9638
Mikkel Damsgaard,Brentford,ATT,TREQUARTISTA,2085.0,0.1915,0.0823,0.3032,0.2067,-0.1282,0.2439,0.4133,15.2286,,0.3238,0.4442,0.3889,0.4487,0.4128,4,2.97,1.347,0.5977,1.03,0.128,0.2797,0.9985,1.155,0.147,25.89,0.5911,38,33,0,0,0.9342,106,82,72,59,154,107,-0.1783,-0.5771,,-0.7259,1.1164,1.1375,0.2209,0.5944
Andrew Robertson,Liverpool,DIF,TERZINO,1160.0,0.1907,0.1411,0.1353,0.0689,-0.0617,0.0798,0.1609,7.8115,1.147,0.3865,0.1562,0.1411,0.1173,0.1066,1,1.05,0.952,-0.0488,-0.05,0.081,0.1164,1.0402,0.1576,0.095,32.2,0.155,38,24,0,0,0.8158,107,141,214,111,316,247,0.8355,-0.4719,1.5074,0.6035,0.5124,0.5188,-1.5491,-0.4144
Lucas Digne,Aston Villa,DIF,TERZINO,1857.0,0.187,0.2978,0.0124,0.0707,0.0435,0.1774,0.1626,9.8949,0.9509,0.3215,0.1984,0.1149,0.1119,0.1171,0,0.7,0.0,-0.8367,-0.7,0.034,0.1488,1.0262,0.7509,0.715,32.84,0.1405,38,31,0,0,0.9079,108,104,211,275,319,145,0.8749,0.3009,-0.5057,-0.2484,-1.208,-0.829,-1.6159,0.5596
Ladislav Krejcí,Wolverhampton Wanderers,DIF,CENTRALE,2385.0,0.1845,0.1885,0.1474,0.0729,0.0115,0.2283,0.1225,12.8078,0.9452,0.3577,0.146,0.1031,0.091,0.0896,2,1.72,1.163,0.2135,0.28,0.065,0.0566,0.9957,0.292,1.345,27.09,0.4768,38,28,0,0,0.8684,109,90,257,73,203,191,-0.0354,1.3812,-0.5642,0.226,0.8937,0.9675,-0.0655,0.1419
Matheus Nunes,Manchester City,DIF,TERZINO,2865.0,0.1796,0.1974,0.0554,0.1628,0.448,0.1289,0.1176,6.5872,,0.4024,0.1446,0.0936,0.1138,0.1817,1,0.68,1.471,0.3881,0.32,0.021,0.0974,1.0217,0.0734,-0.347,27.74,0.411,38,34,0,0,0.9474,110,122,268,40,226,86,-0.1463,-0.926,,0.8118,1.4503,1.2661,-0.3688,0.9773
Estêvão,Chelsea,ATT,ALA,854.0,0.1773,-0.162,0.3351,-0.142,-0.0447,0.1534,0.5561,15.3302,1.0918,0.3412,0.524,0.4921,0.5018,0.5255,2,3.88,0.515,-0.9544,-1.88,0.409,0.2972,0.966,0.4224,-0.476,19.08,0.6897,38,22,0,0,0.7895,111,116,15,216,103,274,1.4041,-0.5574,0.6822,-0.5538,-0.7303,-0.8025,0.726,-1.3099
Tom Cairney,Fulham,CEN,MEDIANO,747.0,0.1696,0.1159,0.2485,0.369,0.2534,0.0514,0.1988,8.2924,0.8905,0.3884,0.2131,0.1904,0.1848,0.1897,2,0.82,2.439,1.3031,1.18,0.099,0.0807,0.9787,0.3931,1.104,35.34,0.101,38,24,0,0,0.8158,112,150,174,2,338,247,-0.044,-0.7632,-1.0927,0.3028,2.428,1.9539,-1.7045,-0.8633
Zian Flemming,Burnley,ATT,CENTRAVANTI,1795.0,0.1681,-0.0151,0.2356,0.2455,-0.3055,-0.006,0.4353,25.1729,1.169,0.2422,0.4489,0.4184,0.4848,0.3907,9,8.03,1.121,0.3423,0.97,0.403,0.0341,0.9957,0.3481,-0.739,27.81,0.4042,38,29,0,0,0.8816,113,177,56,78,227,176,0.0661,1.352,1.3086,-1.5329,0.6148,0.8183,-0.7365,-0.0978
Kevin Schade,Brentford,ATT,ALA,2781.0,0.1636,0.1478,0.1632,0.5411,-0.5429,0.1719,0.487,23.682,,0.4655,0.5258,0.4315,0.585,0.4157,8,11.07,0.723,-0.9227,-3.07,0.358,0.1479,1.0126,0.5256,0.079,24.49,0.7024,38,35,0,0,0.9605,114,107,31,179,96,65,0.6388,1.0628,,0.6755,-0.2686,-0.7628,0.791,0.9406
Trai Hume,Sunderland,DIF,TERZINO,3041.0,0.1602,0.3382,-0.0733,-0.0206,0.0987,0.2404,0.1403,12.2385,,0.242,0.1889,0.0893,0.113,0.1384,2,2.74,0.73,-0.4471,-0.74,0.081,0.0622,0.998,0.4548,0.444,24.18,0.7196,38,38,0,0,1.0,115,85,232,177,84,8,0.3695,1.1701,,-1.2903,0.1112,-0.1625,1.0539,1.5335
Yerson Mosquera,Wolverhampton Wanderers,DIF,CENTRALE,2154.0,0.1546,0.03,0.1348,0.5763,0.3965,0.1663,0.1659,15.3163,1.0343,0.4536,0.1695,0.1467,0.2455,0.2183,0,2.98,0.0,-1.7263,-2.98,0.125,0.0506,0.9796,0.1983,0.161,21.91,0.7785,38,27,0,0,0.8553,116,111,205,275,5,204,0.9483,2.3116,0.3504,1.4828,-1.208,-2.3507,1.3255,0.0033
Ryan Christie,Bournemouth,CEN,MEDIANO,942.0,0.1394,0.1462,0.0034,0.1727,0.0972,0.026,0.2547,9.1438,1.0343,0.3139,0.2665,0.2102,0.2375,0.2351,2,1.79,1.117,0.157,0.21,0.171,0.1567,1.0308,0.1689,-0.592,31.25,0.1832,38,26,0,0,0.8421,117,162,149,79,310,217,0.8019,-0.5155,0.1403,-0.5838,0.2774,0.3491,-1.344,-0.5177
Marcus Edwards,Burnley,ATT,TREQUARTISTA,1054.0,0.1377,0.3216,-0.1813,0.0113,-0.2543,-0.0111,0.4223,18.3235,1.2192,0.2889,0.508,0.3368,0.4576,0.3854,1,2.28,0.439,-0.8477,-1.28,0.195,0.2177,0.9876,2.0032,0.333,27.47,0.4377,38,23,0,0,0.8026,118,178,66,230,216,261,-0.0787,0.0233,1.716,-1.0711,-0.899,-0.6691,-0.5649,-1.1375
Jaidon Anthony,Burnley,ATT,ALA,2777.0,0.1343,0.2139,0.063,0.33,0.417,0.213,0.3464,24.8403,,0.3255,0.4188,0.3034,0.4188,0.4134,8,5.55,1.441,1.04,2.45,0.18,0.1416,0.9776,0.2649,-0.38,26.48,0.5355,38,37,0,0,0.9868,119,96,106,45,178,26,-0.9197,1.2875,,-0.7091,1.3251,1.6904,-0.0639,1.2867
Ben White,Arsenal,DIF,TERZINO,703.0,0.1328,0.0656,0.107,-0.0773,-0.0649,0.0056,0.1592,9.3777,1.1635,0.4102,0.1597,0.1282,0.1404,,0,0.27,,-0.5196,-0.27,0.035,0.1984,0.9974,0.1342,-0.451,28.62,0.3321,38,12,0,0,0.6579,120,169,216,323,258,341,0.7977,0.109,1.6767,0.9141,,-0.2866,-0.7326,-2.0842
Moisés Caicedo,Chelsea,CEN,MEDIANO,2811.0,0.1268,-0.2635,0.4029,0.0584,0.196,0.1668,0.147,7.979,,0.4163,0.133,0.1828,0.1377,0.1693,3,1.54,1.948,1.1765,1.46,0.049,0.0842,0.994,0.135,0.057,24.56,0.698,38,33,0,0,0.9342,121,110,228,9,100,107,-0.8267,-0.8544,,0.6349,1.6293,1.7767,0.9135,0.6924
Riccardo Calafiori,Arsenal,DIF,TERZINO,1755.0,0.125,0.0515,0.1356,0.2739,0.5451,0.1038,0.1797,9.4743,0.9411,0.4201,0.1678,0.1663,0.1858,0.2413,1,3.45,0.29,-1.319,-2.45,0.177,0.0338,1.0455,0.2226,0.007,24.01,0.7276,38,26,0,0,0.8421,122,134,193,242,75,217,1.2635,0.1449,-0.6063,1.0438,-0.6839,-1.654,1.0908,-0.1363
Youri Tielemans,Aston Villa,CEN,MEDIANO,1861.0,0.1206,-0.1434,0.2344,0.1812,-0.201,-0.039,0.2265,12.4067,1.3966,0.4326,0.2103,0.2342,0.262,0.2316,0,1.84,0.0,-1.3565,-1.84,0.089,0.1446,0.9973,0.4441,0.544,29.05,0.2989,38,25,0,0,0.8289,123,191,156,275,276,232,0.3762,0.4341,3.0,0.8289,-1.5398,-1.7701,-0.8366,-0.6912
Ryan Gravenberch,Liverpool,CEN,MEDIANO,3008.0,0.1141,0.2574,-0.1172,0.0378,0.0484,0.2644,0.132,7.8036,,0.4659,0.1811,0.1063,0.1237,0.1426,5,1.56,3.205,2.7542,3.44,0.047,0.0709,1.0042,0.0995,-0.099,24.02,0.7271,38,36,0,0,0.9737,124,74,241,1,77,45,-1.0542,-0.9055,,1.2252,3.0,3.0,1.0411,1.2114
Lucas Pires,Burnley,DIF,QUINTO,1391.0,0.111,0.0913,0.0828,-0.0515,-0.069,0.1045,0.1455,13.5793,1.0165,0.3927,0.1524,0.1246,0.101,0.0978,0,0.91,0.0,-0.9539,-0.91,0.059,0.0977,0.9839,0.2071,0.139,25.17,0.6538,38,20,0,0,0.7632,125,132,229,275,126,301,0.4853,1.6674,0.1677,0.6847,-1.208,-1.0295,0.7506,-0.9706
Jack Grealish,Everton,ATT,ALA,1645.0,0.1058,-0.071,0.1674,-0.4686,-0.2349,-0.2876,0.4211,25.7069,0.9166,0.5511,0.4324,0.412,0.3712,0.4344,2,3.08,0.649,-0.6154,-1.08,0.169,0.2495,1.0006,0.2981,-0.312,30.7,0.2045,38,20,0,0,0.7632,126,303,67,194,302,301,-0.0911,1.4556,-0.7396,1.522,-0.4329,-0.3787,-1.7594,-1.6561
Rayan Ait Nouri,Manchester City,DIF,QUINTO,981.0,0.0998,0.0253,0.1228,0.0148,0.1435,0.0719,0.1604,8.9068,0.9624,0.2525,0.1549,0.1409,0.1227,0.1596,0,0.49,,-0.7,-0.49,0.045,0.1606,1.0313,0.1738,-0.658,24.96,0.6702,38,17,0,0,0.7237,127,145,215,323,117,322,0.8245,-0.0656,-0.3876,-1.1527,,-0.5952,0.8262,-1.3884
Douglas Luiz,Aston Villa,CEN,MEDIANO,936.0,0.0939,0.1863,0.0413,-0.0753,-0.0812,0.0037,0.22,10.557,0.9481,0.3525,0.2443,0.1888,0.1697,0.1785,1,0.701,1.427,0.3571,0.299,0.067,0.1745,1.0325,0.3826,0.234,28.04,0.3825,38,21,0,0,0.7763,128,170,160,47,234,288,0.277,-0.1042,-0.5988,-0.1245,0.7817,0.6293,-0.47,-1.3823
João Palhinha,Tottenham,CEN,MEDIANO,2180.0,0.0935,0.1855,0.0142,0.2159,0.0836,0.2748,0.1835,12.0411,,0.3179,0.2209,0.1574,0.1794,0.1614,5,3.43,1.458,0.8477,1.57,0.142,0.0318,0.9839,0.5948,1.645,30.87,0.1975,38,33,0,0,0.9342,129,68,190,42,303,107,-0.2755,0.3277,,-0.5362,0.8321,1.3163,-1.2813,0.6924
Jan Paul van Hecke,Brighton,DIF,CENTRALE,3214.0,0.0916,0.2653,-0.1861,0.4558,0.1762,0.0999,0.1225,9.1298,,0.321,0.1761,0.0727,0.1881,0.1502,3,3.34,0.898,-0.186,-0.34,0.094,0.0288,1.0022,0.1466,0.208,25.96,0.5846,38,36,0,0,0.9737,130,136,258,124,155,45,-0.0364,0.0171,,-0.255,0.4148,0.2841,0.4315,1.2554
Sven Botman,Newcastle United,DIF,CENTRALE,1842.0,0.0902,0.1536,-0.0315,-0.0291,0.5392,0.0068,0.1435,9.5541,1.0066,0.3824,0.1927,0.0932,0.1016,0.2293,1,1.55,0.645,-0.4418,-0.55,0.076,0.0728,0.984,0.1178,-0.118,26.36,0.5469,38,25,0,0,0.8289,131,168,231,197,171,232,0.4414,0.1745,0.0661,0.5497,-0.0424,-0.1535,0.2577,-0.2759
Lukas Nmecha,Leeds,ATT,CENTRAVANTI,1076.0,0.0892,-0.1267,0.3191,0.2738,-0.179,0.0194,0.5146,16.4862,0.8691,0.3255,0.498,0.4726,0.5392,0.445,4,5.85,0.684,-0.7649,-1.85,0.489,0.1405,1.0162,1.3929,-0.027,27.44,0.4407,38,31,0,0,0.9079,132,165,26,187,215,145,0.9444,-0.3331,-1.125,-0.7091,-0.3552,-0.5656,-0.5495,0.2483
Lewis Miley,Newcastle United,CEN,MEZZALA,1470.0,0.0874,0.0298,0.1042,-0.2511,0.059,0.1652,0.2179,10.8543,1.1451,0.4527,0.2331,0.1972,0.1489,0.1814,1,1.38,0.725,-0.3235,-0.38,0.084,0.1427,1.0149,0.1203,-0.423,20.06,0.7335,38,23,0,0,0.8026,133,113,161,178,68,261,0.245,-0.0177,1.0904,1.0681,-0.3603,-0.3237,1.0692,-1.0367
Samuel Chukwueze,Fulham,ATT,ALA,1052.0,0.0781,0.3035,-0.2368,-0.0267,-0.0268,-0.0683,0.4313,16.3593,1.0631,0.3773,0.5276,0.3279,0.4178,0.4493,3,2.32,1.293,0.4464,0.68,0.198,0.243,1.0146,0.3184,-0.709,27.01,0.4852,38,23,0,0,0.8026,134,204,59,63,199,261,0.0216,-0.3577,0.4493,-0.1968,0.9966,0.9484,-0.3216,-1.1375
Tyrick Mitchell,Crystal Palace,DIF,QUINTO,3258.0,0.0759,0.056,0.0145,-0.1847,-0.1953,0.1401,0.1369,9.318,,0.4477,0.1473,0.1226,0.119,0.1118,1,1.99,0.503,-0.7018,-0.99,0.055,0.084,0.9983,0.18,0.264,26.73,0.5117,38,38,0,0,1.0,135,119,235,220,188,8,0.2911,0.0869,,1.4055,-0.299,-0.5982,0.0954,1.5335
Tolu Arokodare,Wolverhampton Wanderers,ATT,CENTRAVANTI,1357.0,0.0745,0.0112,0.2344,0.2682,-0.0609,0.2886,0.479,20.2981,,0.2478,0.4763,0.4496,0.5115,0.4862,3,6.67,0.45,-1.421,-3.67,0.442,0.0763,0.9961,4.7798,2.525,25.5,0.6262,38,33,0,0,0.9342,136,62,34,229,139,107,0.5499,0.4064,,-1.4775,-0.8746,-1.3857,0.4007,0.5944
Mathys Tel,Tottenham,ATT,ALA,1324.0,0.0701,-0.0968,0.1542,0.1558,0.0154,0.2696,0.421,15.8977,1.1258,0.3032,0.4561,0.3901,0.481,0.4652,4,2.84,1.408,0.6883,1.16,0.193,0.2338,1.0263,0.5919,-0.189,21.07,0.7689,38,31,0,0,0.9079,137,72,68,52,26,145,-0.0928,-0.4473,0.9581,-0.9296,1.2518,1.2508,1.1317,0.2483
Ismaila Sarr,Crystal Palace,ATT,TREQUARTISTA,2181.0,0.069,0.0378,-0.0313,0.5248,-0.0692,-0.0604,0.4728,22.6548,1.0301,0.4985,0.5183,0.4077,0.5774,0.4827,6,9.28,0.647,-1.0767,-3.28,0.383,0.0908,0.9744,0.4348,-0.03,28.24,0.3644,38,28,0,0,0.8684,138,195,36,195,239,191,0.4811,0.8635,0.1815,1.0018,-0.4373,-0.9553,-0.9404,-0.2715
Micky van de Ven,Tottenham,DIF,CENTRALE,3049.0,0.0687,0.0103,0.086,0.1072,-0.1571,0.121,0.1051,9.7619,,0.3138,0.1145,0.1007,0.109,0.0679,4,2.45,1.633,0.9903,1.55,0.072,0.0301,1.0107,0.0142,-0.857,25.1,0.6594,38,35,0,0,0.9605,139,126,286,28,123,65,-0.4303,0.2515,,-0.3493,1.743,2.2963,0.7764,1.1158
Nathan Collins,Brentford,DIF,CENTRALE,2966.0,0.0684,0.0684,-0.0881,-0.1994,-0.0714,0.1709,0.156,10.0318,,0.3741,0.1807,0.1174,0.12,0.1389,1,2.92,0.342,-1.1236,-1.92,0.089,0.0737,0.9997,0.2187,0.38,25.07,0.6618,38,35,0,0,0.9605,140,108,219,238,122,65,0.7246,0.3516,,0.4409,-0.59,-1.3198,0.7874,1.1158
Nick Woltemade,Newcastle United,ATT,CENTRAVANTI,1953.0,0.0633,0.442,-0.4638,0.1034,0.4472,0.1032,0.4613,19.2921,,0.3794,0.5863,0.3145,0.4991,0.5736,7,7.51,0.932,-0.1861,-0.51,0.346,0.1336,1.0111,0.6842,0.528,24.27,0.715,38,33,0,0,0.9342,141,135,43,116,88,107,0.3535,0.2112,,-0.176,0.1953,0.1579,0.8556,0.5944
Brian Brobbey,Sunderland,ATT,CENTRAVANTI,1943.0,0.0619,0.1588,-0.132,-0.1191,0.0838,0.2723,0.4147,22.0303,1.0359,0.4243,0.4754,0.3579,0.42,0.436,7,7.1,0.986,-0.0375,-0.1,0.329,0.0709,0.9748,0.804,0.965,24.31,0.7128,38,31,0,0,0.9079,142,69,71,102,90,145,-0.1622,0.7424,0.2285,0.268,0.3151,0.3436,0.8443,0.2483
Matthijs de Ligt,Manchester United,DIF,CENTRALE,1170.0,0.061,0.0715,0.0591,0.0398,0.1838,0.0258,0.13,10.2011,0.9533,0.4303,0.1419,0.1135,,0.1628,1,1.32,0.758,-0.2785,-0.32,0.102,0.0338,0.9908,0.1554,0.148,26.78,0.507,38,13,0,0,0.6711,143,163,244,168,191,339,0.134,0.4144,-0.4811,1.1775,0.1618,0.1259,0.0738,-1.9446
Tomas Soucek,West Ham,CEN,MEZZALA,2206.0,0.057,0.3388,-0.1842,-0.0319,0.1173,0.0958,0.2366,13.3502,,0.2974,0.3088,0.1578,0.2057,0.2474,5,5.21,0.96,-0.092,-0.21,0.213,0.0339,1.0006,0.1758,-0.423,31.24,0.1835,38,35,0,0,0.9605,144,137,151,109,308,65,0.5289,0.7087,,-0.7802,0.022,0.0005,-1.3427,1.038
James Tarkowski,Everton,DIF,CENTRALE,3330.0,0.0568,-0.0909,0.1499,-0.2149,-0.2216,0.1446,0.1307,11.2666,,0.4084,0.1243,0.1351,0.0926,0.0897,2,2.88,0.694,-0.5185,-0.88,0.078,0.0554,1.0099,0.1753,0.316,33.51,0.1279,38,37,0,0,0.9868,145,118,243,186,323,26,0.1518,0.8096,,0.8905,0.0461,-0.2847,-1.674,1.3939
Yasin Ayari,Brighton,CEN,MEDIANO,1918.0,0.0556,0.3609,0.0496,0.3287,0.2344,0.2421,0.1755,9.1837,1.1337,0.1804,0.2476,0.1305,0.212,0.2258,3,2.11,1.422,0.6127,0.89,0.099,0.0657,1.0012,0.9977,0.269,22.63,0.7654,38,29,0,0,0.8816,146,84,196,48,35,176,-0.3952,-0.5038,0.9927,-2.1727,0.7736,0.9872,1.2091,0.0013
Ferdi Kadioglu,Brighton,DIF,TERZINO,3145.0,0.0498,-0.2947,0.3865,-0.096,0.5427,0.0512,0.1215,9.057,,0.3864,0.0872,0.1553,0.0968,0.1995,1,2.02,0.495,-0.7177,-1.02,0.058,0.0644,1.0095,0.2757,1.385,26.63,0.5212,38,37,0,0,0.9868,147,151,259,222,183,26,-0.0572,-0.0099,,0.6021,-0.3135,-0.6254,0.1392,1.3939
Kaoru Mitoma,Brighton,ATT,ALA,1723.0,0.0496,-0.1736,0.2097,0.1676,0.2877,-0.09,0.4283,19.6795,1.1025,0.4698,0.4449,0.4108,0.5204,0.5739,3,4.8,0.625,-0.8216,-1.8,0.251,0.1849,1.016,0.6735,0.202,29.01,0.3018,38,25,0,0,0.8289,148,215,62,203,272,232,-0.0113,0.2864,0.769,0.718,-0.4862,-0.6365,-1.261,-0.7914
Konstantinos Mavropanos,West Ham,DIF,CENTRALE,2518.0,0.0483,-0.0421,0.0659,0.0366,0.0325,0.0701,0.1213,9.6804,1.1144,0.3526,0.1402,0.1036,0.1289,0.1408,3,2.79,1.075,0.1257,0.21,0.1,0.0179,0.9748,0.0852,-0.197,28.45,0.3462,38,31,0,0,0.9079,149,146,261,87,245,145,-0.0621,0.2213,1.1727,0.1592,0.7347,0.8173,-0.6676,0.5596
Sepp van den Berg,Brentford,DIF,CENTRALE,2758.0,0.0434,0.4461,-0.3845,0.3181,0.1887,0.1053,0.1705,11.3509,0.9128,0.1901,0.2648,0.0684,0.1853,0.184,0,3.35,0.0,-1.8303,-3.35,0.109,0.0721,1.0051,3.271,4.182,24.42,0.7065,38,32,0,0,0.9211,150,130,199,275,95,126,1.0529,0.8409,-0.8968,-1.9705,-1.208,-2.5286,0.9935,0.6992
Mateus Fernandes,West Ham,CEN,MEZZALA,3044.0,0.0375,-0.0441,0.0747,0.1255,-0.0375,0.3607,0.1626,11.743,,0.4268,0.181,0.1568,0.1752,0.178,3,1.81,1.657,0.8845,1.19,0.054,0.0988,0.9894,0.2264,0.333,21.87,0.7786,38,36,0,0,0.9737,151,48,212,26,2,45,-0.5913,0.241,,0.7598,1.1559,1.3678,1.267,1.2114
Trevoh Chalobah,Chelsea,DIF,CENTRALE,2781.0,0.0311,-0.1135,0.15,0.3074,0.1889,0.0376,0.0875,5.4982,,0.322,0.0811,0.104,0.1258,0.1371,3,1.85,1.622,0.8455,1.15,0.06,0.0204,1.0092,0.0487,-0.365,26.89,0.4966,38,34,0,0,0.9474,152,160,310,31,195,86,-0.8303,-1.3299,,-0.2419,1.7231,2.0486,0.0258,0.9773
Chadi Riad,Crystal Palace,DIF,CENTRALE,562.0,0.028,0.1465,0.0071,0.0521,0.052,0.0728,0.1215,11.6296,0.9182,0.2579,0.1537,0.0915,,,0,0.28,,-0.5292,-0.28,0.045,0.0689,1.0106,0.2818,-0.418,22.93,0.7534,16,9,0,0,0.7812,153,144,260,323,46,281,-0.0572,0.9442,-0.8414,-1.0819,,-0.303,1.2098,-0.7803
Timothy Castagne,Fulham,DIF,TERZINO,1849.0,0.022,0.0293,-0.0342,0.2245,-0.0436,0.0654,0.1475,10.0814,0.9467,0.3693,0.1516,0.1318,0.1572,0.1306,0,1.46,0.0,-1.2083,-1.46,0.071,0.0842,0.9909,0.245,0.491,30.47,0.2148,38,30,0,0,0.8947,154,148,227,275,300,162,0.5328,0.37,-0.5488,0.378,-1.208,-1.4646,-1.2734,0.42
Nicolás Domínguez,Nottingham Forest,CEN,MEDIANO,1210.0,0.0184,0.0794,0.1149,0.2028,0.3433,0.0034,0.1881,9.2836,0.9364,0.1732,0.2263,0.1641,0.1762,0.2034,1,1.01,0.99,-0.01,-0.01,0.075,0.0952,0.9871,2.4611,0.361,27.9,0.3956,38,27,0,0,0.8553,155,171,187,101,230,204,-0.2059,-0.4748,-0.6991,-2.2584,0.0708,0.1153,-0.4126,-0.3443
Amad Diallo Traore,Manchester United,ATT,ALA,2341.0,0.0167,0.1654,-0.3829,0.3604,0.0912,0.1346,0.4393,17.9726,1.0584,0.4728,0.5132,0.3521,0.5373,0.4829,2,5.76,0.347,-1.5667,-3.76,0.221,0.2172,0.9914,0.5953,0.303,23.87,0.7333,38,32,0,0,0.9211,156,121,52,237,69,126,0.1095,-0.0448,0.4111,0.7477,-1.1032,-1.5678,0.9493,0.422
Wilson Isidor,Sunderland,ATT,CENTRAVANTI,1142.0,0.0138,-0.0767,0.2803,0.2326,0.0763,0.1478,0.4334,16.0799,0.8951,0.3019,0.442,0.422,0.4981,0.4755,6,5.61,1.07,0.1647,0.39,0.442,0.0,1.0044,1.5157,0.901,25.74,0.6048,38,32,0,0,0.9211,157,117,58,89,146,126,0.0448,-0.4119,-0.9141,-0.9425,0.5016,0.5963,0.2911,0.422
Alexander Isak,Liverpool,ATT,CENTRAVANTI,717.0,0.0104,-0.3646,0.4173,-0.0373,-0.0092,-0.2059,0.4557,16.3548,1.0699,0.4284,0.4121,0.4782,,0.4873,3,3.25,0.923,-0.1387,-0.25,0.408,0.1067,1.0155,0.3418,-0.35,26.67,0.5174,38,14,0,0,0.6842,158,274,46,118,185,334,0.2923,-0.3586,0.5044,0.3086,0.1753,0.2171,-0.1566,-2.6958
Rúben Dias,Manchester City,DIF,CENTRALE,2142.0,0.0104,-0.063,0.1718,0.0313,-0.0176,0.0454,0.0574,4.2253,0.9602,0.3544,0.0656,0.076,0.077,0.0947,2,0.44,,2.3518,1.56,0.018,0.0176,1.0099,0.0648,0.851,29.03,0.3003,38,26,0,0,0.8421,158,154,339,323,273,217,-1.5116,-1.802,-0.4102,0.1828,,3.0,-0.8792,-0.1363
Habib Diarra,Sunderland,CEN,TREQUARTISTA,1414.0,0.0065,0.0246,0.0402,0.1572,-0.1162,0.2217,0.1977,13.9056,1.0975,0.354,0.2093,0.1916,0.2017,0.1563,1,2.49,0.402,-0.9442,-1.49,0.158,0.0414,1.0407,0.9976,1.828,22.39,0.7722,38,20,0,0,0.7632,160,94,177,233,21,301,-0.0598,0.8703,0.6823,-0.1066,-0.8858,-1.1928,1.2389,-1.5544
Cole Palmer,Chelsea,ATT,TREQUARTISTA,2007.0,0.0065,0.2497,-0.3888,-0.3788,-0.3263,0.0019,0.3734,16.8975,0.8855,0.5076,0.4668,0.2865,0.3371,0.3551,5,5.68,0.88,-0.2853,-0.68,0.255,0.096,0.9883,0.2563,-0.281,24.05,0.7258,38,26,0,0,0.8421,160,173,91,127,78,217,-0.6204,-0.2533,-0.992,1.0918,0.0798,0.0339,0.9109,-0.6177
Alex Scott,Bournemouth,CEN,MEDIANO,2915.0,0.0033,-0.2231,0.1186,0.1291,0.0246,0.251,0.1987,10.6815,,0.4609,0.1958,0.2044,0.2065,0.2066,3,3.5,0.857,-0.2673,-0.5,0.108,0.0886,0.9982,0.1567,-0.134,22.76,0.7607,38,37,0,0,0.9868,162,79,175,136,39,26,-0.0456,-0.068,,1.1657,-0.1456,-0.245,1.1885,1.3835
Morato,Nottingham Forest,DIF,CENTRALE,1333.0,0.0009,-0.0165,-0.0086,0.1585,0.127,0.0521,0.1275,9.0776,1.2344,0.2886,0.1415,0.112,0.1408,0.1462,1,1.88,0.532,-0.6418,-0.88,0.127,0.0061,1.0271,0.1429,0.523,24.9,0.6746,38,21,0,0,0.7763,163,149,252,212,110,288,0.0778,-0.0023,2.4046,-0.6796,-0.2466,-0.4956,0.8465,-0.8321
Joe Willock,Newcastle United,CEN,MEZZALA,979.0,0.0005,0.0013,0.0626,-0.385,-0.1749,-0.0905,0.2606,10.8045,0.9976,0.187,0.2855,0.2054,0.154,0.1878,0,1.4,0.0,-1.1832,-1.4,0.129,0.194,1.0043,0.7769,-0.676,26.76,0.5089,38,24,0,0,0.8158,164,216,144,275,189,247,0.8915,-0.0322,-0.1744,-2.0941,-1.5398,-1.5275,0.0843,-0.8633
Yankuba Minteh,Brighton,ATT,ALA,2410.0,0.0,-0.0414,0.0303,-0.034,0.2769,0.2567,0.4037,19.1993,,0.5341,0.4382,0.3798,0.4521,0.4911,3,4.74,0.633,-0.7992,-1.74,0.177,0.2181,0.9941,0.2808,-0.205,21.84,0.7786,38,34,0,0,0.9474,165,77,75,201,2,86,-0.2844,0.1932,,1.3539,-0.4684,-0.6085,1.1814,0.7682
Ao Tanaka,Leeds,CEN,MEZZALA,1330.0,-0.0001,-0.2805,0.0671,0.4234,0.2686,-0.14,0.2244,9.0493,1.2741,0.3213,0.2227,0.2173,0.2796,0.2629,2,2.19,0.913,-0.1284,-0.19,0.148,0.092,1.0137,0.0909,-0.607,27.7,0.4148,38,28,0,0,0.8684,166,243,158,122,224,191,0.3439,-0.543,2.1966,-0.4958,-0.0545,-0.0505,-0.3284,-0.1722
Joelinton,Newcastle United,CEN,MEZZALA,1958.0,-0.0036,-0.0099,-0.0766,-0.1293,-0.1751,-0.0374,0.1884,10.1896,1.174,0.4441,0.2265,0.1503,0.1682,0.1692,2,2.17,0.922,-0.1154,-0.17,0.1,0.085,1.014,0.1173,-0.463,29.77,0.2515,38,27,0,0,0.8553,167,190,186,119,287,204,-0.2004,-0.2111,1.3382,0.9657,-0.0399,-0.0323,-1.0445,-0.3443
Michael Kayode,Brentford,DIF,TERZINO,3281.0,-0.0058,-0.1278,0.0468,-0.1102,0.0004,0.157,0.1197,8.1601,,0.3833,0.1282,0.1123,0.1129,0.1282,1,1.17,0.855,-0.1572,-0.17,0.032,0.087,1.0011,0.0971,-0.173,21.87,0.7786,38,37,0,0,0.9868,168,115,263,138,2,26,-0.0979,-0.3426,,0.5615,0.3371,0.3334,1.3259,1.3939
Issa Diop,Fulham,DIF,CENTRALE,810.0,-0.0083,0.0196,0.1225,0.1005,0.409,-0.1305,0.097,8.7268,0.8789,0.2383,0.1232,0.0889,0.1028,,1,0.45,,0.8199,0.55,0.05,0.0,0.9986,0.1218,2.519,29.37,0.2765,38,13,0,0,0.6711,169,240,297,323,281,339,-0.615,-0.1324,-1.2448,-1.3388,,2.0048,-0.9889,-1.9446
Jaka Bijol,Leeds,DIF,CENTRALE,1895.0,-0.0087,0.0681,-0.0654,-0.0887,-0.0364,-0.0044,0.1068,7.7228,1.1067,0.288,0.1435,0.0817,0.1031,0.1201,1,0.71,1.408,0.3442,0.29,0.034,0.067,1.0063,0.1304,-0.584,27.3,0.455,38,25,0,0,0.8289,170,176,280,52,208,232,-0.392,-0.5048,1.0937,-0.6874,1.3364,1.191,-0.166,-0.2759
Kenny Tete,Fulham,DIF,TERZINO,1805.0,-0.0095,0.09,-0.0683,0.2793,0.144,-0.0937,0.0941,8.4122,1.1533,0.4067,0.1321,0.0718,,0.1185,1,0.72,1.389,0.33,0.28,0.036,0.0469,1.0295,0.0916,-0.038,30.62,0.208,38,22,0,0,0.7895,171,220,302,55,301,274,-0.6795,-0.2491,1.572,0.8682,1.3021,1.1668,-1.3047,-0.6925
Conor Bradley,Liverpool,DIF,TERZINO,962.0,-0.0097,-0.0432,0.0698,0.0569,0.1263,0.0509,0.1289,8.8858,0.9446,0.3632,0.1202,0.1325,0.1228,0.1548,0,0.22,,-0.469,-0.22,0.021,0.1123,0.9878,0.1515,0.442,22.87,0.7561,38,15,0,0,0.6974,172,152,246,323,42,329,0.1092,-0.0734,-0.5704,0.2981,,-0.2,1.2222,-1.6665
Sasa Lukic,Fulham,CEN,MEDIANO,1731.0,-0.0104,-0.0024,0.0385,0.0016,-0.2087,-0.0696,0.2278,16.1375,0.7553,0.4629,0.2388,0.2113,0.2018,0.1695,1,2.35,0.426,-0.8806,-1.35,0.122,0.1133,0.9972,0.1877,-0.209,29.78,0.2509,38,26,0,0,0.8421,173,205,155,231,288,217,0.395,1.5198,-2.2521,1.1895,-0.8468,-1.1037,-1.0471,-0.5177
Anthony Gordon,Newcastle United,ATT,ALA,1888.0,-0.0117,0.3107,-0.3947,0.3728,-0.1671,-0.0698,0.4654,21.8747,1.0698,0.4418,0.5889,0.3303,0.56,0.496,3,6.46,0.464,-1.3613,-3.46,0.308,0.1764,1.0103,0.3674,-0.215,25.24,0.6481,38,26,0,0,0.8421,174,206,40,225,129,217,0.3994,0.7122,0.5036,0.4411,-0.8435,-1.311,0.5129,-0.6177
Tyrone Mings,Aston Villa,DIF,CENTRALE,1314.0,-0.015,-0.0045,-0.0457,-0.0026,0.076,-0.0927,0.1388,12.6866,0.7451,0.3924,0.1518,0.1159,0.1374,0.1654,0,1.5,0.0,-1.2247,-1.5,0.103,0.0479,1.001,0.137,0.059,33.2,0.1335,38,17,0,0,0.7237,175,218,233,275,320,322,0.3352,1.3363,-2.6183,0.6808,-1.208,-1.4927,-1.6482,-1.3884
Idrissa Gueye,Everton,CEN,MEDIANO,2120.0,-0.0187,-0.0834,0.0101,-0.1084,-0.2496,-0.1041,0.1676,11.8485,1.1249,0.4198,0.1787,0.1726,0.1595,0.1469,2,1.91,1.047,0.0651,0.09,0.081,0.0717,0.9903,0.175,0.175,36.66,0.0844,38,25,0,0,0.8289,176,227,204,93,343,232,-0.5158,0.2717,0.9172,0.6765,0.1635,0.2204,-1.7773,-0.6912
Conor Gallagher,Tottenham,CEN,TREQUARTISTA,1229.0,-0.0208,-0.1097,0.0908,0.0223,0.1515,0.0944,0.1887,13.2863,1.1514,0.4509,0.2005,0.1879,0.1871,0.2187,1,1.51,0.662,-0.415,-0.51,0.111,0.063,1.0077,0.1444,-0.07,26.29,0.5536,17,16,0,0,0.9706,177,138,185,192,167,55,-0.1965,0.6901,1.1444,1.0466,-0.4628,-0.4518,0.2803,1.1707
Georginio Rutter,Brighton,ATT,TREQUARTISTA,1784.0,-0.0265,-0.006,0.0493,0.1789,0.1868,0.2498,0.3953,15.2083,1.048,0.3124,0.4211,0.3819,0.4287,0.4559,3,2.96,1.014,0.0232,0.04,0.149,0.2316,1.0,1.3001,1.155,24.09,0.724,38,32,0,0,0.9211,178,81,80,98,81,126,-0.3771,-0.581,0.3267,-0.8386,0.3773,0.4195,0.9017,0.422
Thierno Barry,Everton,ATT,CENTRAVANTI,1921.0,-0.0281,-0.3142,0.2618,0.0573,-0.34,0.1259,0.4602,19.4566,,0.3369,0.4435,0.4618,0.498,0.4156,8,9.13,0.876,-0.374,-1.13,0.428,0.0469,0.9983,0.5176,-0.036,23.59,0.7422,38,38,0,0,1.0,179,123,44,130,61,8,0.3412,0.2431,,-0.5963,0.071,-0.077,0.9949,1.4604
Xavi Simons,Tottenham,ATT,TREQUARTISTA,1768.0,-0.0296,0.0997,-0.2051,-0.2214,0.4493,0.0453,0.3911,19.9957,0.9687,0.4481,0.4683,0.3281,0.4182,0.5174,2,2.71,0.738,-0.4313,-0.71,0.138,0.2362,0.9937,0.4907,0.275,23.09,0.7498,38,28,0,0,0.8684,180,155,84,175,51,191,-0.4243,0.3477,-0.3168,0.5034,-0.2354,-0.1486,1.0338,-0.2715
Marcos Senesi,Bournemouth,DIF,CENTRALE,3298.0,-0.0358,0.2957,-0.4908,-0.0149,-0.101,-0.0129,0.1544,9.9335,,0.3587,0.2295,0.0751,0.1477,0.1492,0,1.85,0.0,-1.3601,-1.85,0.05,0.1094,1.0004,0.055,-0.654,29.04,0.2996,38,37,0,0,0.9868,181,179,220,275,274,26,0.689,0.3152,,0.2391,-1.208,-1.7243,-0.8824,1.3939
El Hadji Malick Diouf,West Ham,DIF,TERZINO,2711.0,-0.0388,-0.3172,0.2756,0.0563,-0.1473,0.0434,0.1276,10.9175,0.9033,0.4255,0.1069,0.1453,0.1423,0.1181,0,0.57,0.0,-0.755,-0.57,0.019,0.1079,0.9887,0.1144,-0.057,21.4,0.7754,38,32,0,0,0.9211,182,156,251,275,15,126,0.08,0.6801,-0.9943,1.1146,-1.208,-0.6892,1.3112,0.6992
Kieran Trippier,Newcastle United,DIF,TERZINO,1606.0,-0.0465,0.0082,-0.0768,-0.0453,-0.1618,-0.1077,0.1135,8.462,0.9656,0.4113,0.1503,0.0764,0.126,0.0951,0,0.09,,-0.3,-0.09,0.005,0.1014,0.989,0.0484,-0.482,35.68,0.0966,38,21,0,0,0.7763,183,229,274,323,340,288,-0.2396,-0.2306,-0.3548,0.9285,,0.0891,-1.8183,-0.8321
Curtis Jones,Liverpool,CEN,MEDIANO,1910.0,-0.0479,0.0162,-0.1849,-0.1864,-0.4957,0.0362,0.236,9.8902,,0.3786,0.2573,0.204,0.1762,0.1488,1,2.43,0.412,-0.9173,-1.43,0.115,0.1338,1.0002,0.2838,-0.067,25.31,0.6424,38,34,0,0,0.9474,184,161,152,232,133,86,0.5196,-0.2982,,0.1862,-0.8695,-1.1551,0.6697,0.8658
Jordan Henderson,Brentford,CEN,MEDIANO,1935.0,-0.0491,0.1022,-0.2273,-0.2423,0.264,-0.0776,0.1891,8.6332,0.9522,0.4057,0.2393,0.146,0.1658,0.2329,1,0.55,1.818,0.6068,0.45,0.026,0.1549,0.9898,0.0673,-0.503,35.93,0.0934,38,32,0,0,0.9211,185,207,184,14,341,126,-0.1905,-0.6641,-0.5637,0.5087,1.4178,0.9789,-1.7378,0.5203
Dominic Solanke,Tottenham,ATT,CENTRAVANTI,989.0,-0.0507,0.0008,-0.1181,-0.2192,-0.1148,-0.1832,0.4024,18.7996,1.097,0.4728,0.4656,0.3581,0.4167,0.4336,3,3.58,0.838,-0.3065,-0.58,0.326,0.0537,1.0196,0.3226,-0.213,28.69,0.3264,38,15,0,0,0.6974,186,264,76,146,261,329,-0.299,0.1157,0.7243,0.7477,-0.0134,0.0074,-1.135,-2.522
Emiliano Buendía,Aston Villa,ATT,ALA,1778.0,-0.0552,0.2704,-0.3235,0.56,0.1477,-0.0238,0.3915,13.7997,,0.1868,0.5112,0.2964,0.5639,0.5089,6,3.79,1.583,1.1352,2.21,0.192,0.1827,1.0038,0.7199,-0.543,29.41,0.2739,38,36,0,0,0.9737,187,183,83,34,282,45,-0.4194,-0.8543,,-2.0808,1.6403,1.8094,-1.4039,1.1143
Michael Keane,Everton,DIF,CENTRALE,2586.0,-0.0554,0.1948,-0.3356,0.0617,-0.39,-0.0818,0.1289,10.0907,,0.2992,0.1916,0.0616,0.1593,0.0734,3,3.59,0.836,-0.3114,-0.59,0.125,0.0045,0.9965,0.0502,-0.572,33.36,0.1306,38,33,0,0,0.9342,188,210,247,148,322,107,0.1088,0.3735,,-0.5407,0.3028,0.0696,-1.6616,0.8377
Jackson Tchatchoua,Wolverhampton Wanderers,DIF,QUINTO,1822.0,-0.0657,-0.1267,0.1312,0.0661,-0.0929,0.0091,0.1197,10.6497,0.7913,0.3116,0.1154,0.1252,0.127,0.1093,0,0.1,,-0.3162,-0.1,0.005,0.1106,0.982,0.0718,-0.57,24.93,0.6724,38,31,0,0,0.9079,189,167,264,323,115,145,-0.0996,0.5808,-2.1441,-0.3782,,0.0614,0.8363,0.5596
Alexis Mac Allister,Liverpool,CEN,MEDIANO,2683.0,-0.0662,0.0246,-0.2482,-0.0339,-0.3911,0.0243,0.2263,11.2169,,0.4464,0.2641,0.1809,0.1949,0.1609,2,4.07,0.491,-1.0261,-2.07,0.137,0.0953,1.0043,0.292,0.091,27.41,0.4437,38,37,0,0,0.9868,190,164,157,223,213,26,0.3723,0.0878,,0.9931,-0.741,-1.3075,-0.2017,1.3835
Justin Kluivert,Bournemouth,ATT,TREQUARTISTA,934.0,-0.067,-0.3132,0.1903,-0.1501,-0.265,-0.1554,0.4364,14.7759,0.8743,0.4123,0.4167,0.4522,0.4471,0.4436,2,2.3,0.87,-0.1978,-0.3,0.222,0.2207,0.9919,0.5543,0.085,27.05,0.481,38,20,0,0,0.7632,191,250,54,133,200,301,0.0784,-0.6649,-1.0829,0.1493,0.0576,0.1432,-0.3431,-1.6561
Axel Tuanzebe,Burnley,DIF,TERZINO,1209.0,-0.0674,0.061,-0.0269,-0.0132,0.2649,-0.1352,0.0849,9.45,0.9997,0.2109,0.1226,0.0729,0.0908,0.1409,1,0.56,1.786,0.588,0.44,0.042,0.0,0.9691,0.0403,0.008,28.52,0.3403,38,14,0,0,0.6842,192,241,312,15,251,334,-0.8877,0.1358,-0.0047,-1.6979,2.0195,1.6081,-0.6948,-1.8061
Leon Bailey,Aston Villa,ATT,ALA,437.0,-0.0702,-0.0288,-0.0579,0.3945,0.1669,-0.0817,0.4131,13.3814,0.8742,0.3093,0.4745,0.3655,,0.4974,0,0.71,0.0,-0.8426,-0.71,0.146,0.2307,1.0239,2.7077,0.968,28.79,0.3185,16,13,0,0,0.9062,193,209,73,275,264,155,-0.1805,-0.9354,-1.0837,-0.8693,-1.8735,-0.6627,-1.1755,0.2259
Granit Xhaka,Sunderland,CEN,MEDIANO,2896.0,-0.0746,0.0418,-0.2308,-0.1322,-0.1148,0.07,0.1516,12.4436,,0.4674,0.1839,0.1365,0.1622,0.1495,1,0.82,1.22,0.1988,0.18,0.025,0.1141,0.9951,0.0871,-0.362,33.65,0.1256,38,34,0,0,0.9474,194,147,221,72,324,86,-0.7574,0.4448,,1.243,0.4449,0.4077,-1.5966,0.8658
David Møller Wolfe,Wolverhampton Wanderers,DIF,QUINTO,1059.0,-0.0772,-0.0486,-0.0666,-0.1784,-0.1053,-0.0202,0.1203,8.8864,1.1908,0.2382,0.1501,0.0866,0.0974,0.1081,0,0.08,,-0.2828,-0.08,0.007,0.1105,1.0042,0.024,-0.849,24.08,0.7244,38,22,0,0,0.7895,195,181,262,323,80,274,-0.0843,-0.0732,1.957,-1.3401,,0.1185,1.0761,-0.6925
Gabriel Gudmundsson,Leeds,DIF,QUINTO,2657.0,-0.0801,-0.283,0.0651,-0.0871,-0.2383,-0.0274,0.1351,9.3755,1.0305,0.4067,0.1305,0.1358,0.1448,0.1168,0,0.88,0.0,-0.9381,-0.88,0.03,0.1057,0.9856,0.1257,-0.079,27.07,0.4789,38,32,0,0,0.9211,196,186,239,275,202,126,0.25,0.1082,0.3114,0.8682,-1.208,-1.0024,-0.0558,0.6992
Iyenoma Destiny Udogie,Tottenham,DIF,TERZINO,1342.0,-0.0816,-0.0695,-0.0187,0.0495,0.0493,-0.0318,0.1046,9.2924,0.8984,0.3894,0.125,0.0956,0.1216,0.1257,0,0.22,,-0.469,-0.22,0.015,0.0758,0.9913,0.0579,-0.505,23.49,0.7446,38,20,0,0,0.7632,197,188,287,323,57,301,-0.4421,0.0774,-1.0446,0.6415,,-0.2,1.1692,-0.9706
Kobbie Mainoo,Manchester United,CEN,MEDIANO,1623.0,-0.0825,-0.0469,-0.334,-0.1515,0.1566,0.1217,0.1295,5.099,1.2501,0.4119,0.1789,0.1172,0.1344,0.1663,1,0.51,1.961,0.6861,0.49,0.028,0.0654,1.012,0.1346,0.583,21.1,0.7696,38,28,0,0,0.8684,198,125,245,8,25,191,-1.0918,-1.6926,1.9908,0.5825,1.6504,1.09,1.2275,-0.1722
Joël Veltman,Brighton,DIF,TERZINO,1025.0,-0.0898,-0.1826,0.0233,-0.1404,-0.0208,-0.1036,0.1186,6.3665,1.112,0.269,0.1137,0.1251,0.0989,0.1123,1,1.06,0.943,-0.0583,-0.06,0.093,0.0228,1.0294,0.0478,-0.26,34.35,0.1147,38,24,0,0,0.8158,199,226,266,113,330,247,-0.1248,-1.0078,1.1481,-0.9364,0.4961,0.5025,-1.7349,-0.4144
Alejandro Jiménez,Bournemouth,DIF,TERZINO,2354.0,-0.0908,-0.1449,-0.116,0.0531,0.157,0.038,0.1136,7.1213,1.0364,0.4125,0.1281,0.101,0.1364,0.1628,1,1.21,0.826,-0.1909,-0.21,0.046,0.0646,0.9996,0.0856,-0.156,21.04,0.7682,38,31,0,0,0.9079,200,159,273,152,29,145,-0.2365,-0.7279,0.372,0.9442,0.2847,0.2757,1.278,0.5596
Fabian Schär,Newcastle United,DIF,CENTRALE,1096.0,-0.0948,-0.1632,0.0007,-0.0282,-0.0746,-0.1288,0.1066,7.4933,1.1941,0.4259,0.1265,0.0959,0.1101,0.1192,0,0.97,0.0,-0.9849,-0.97,0.08,0.0131,1.0501,0.1562,1.137,34.43,0.1135,38,16,0,0,0.7105,201,239,281,275,332,326,-0.3958,-0.5899,1.9909,1.1198,-1.208,-1.0825,-1.7404,-1.5279
Eberechi Eze,Arsenal,ATT,TREQUARTISTA,1928.0,-0.0978,-0.1411,0.0914,-0.2011,0.5204,-0.0245,0.3631,12.2823,0.9193,0.3936,0.384,0.3714,0.3759,0.5382,7,4.82,1.452,0.993,2.18,0.225,0.1238,1.0338,0.9003,1.656,27.9,0.3956,38,33,0,0,0.9342,202,185,97,43,230,107,-0.7349,-1.1486,-0.7177,-0.0356,1.3495,1.6316,-0.7805,0.5944
Chris Wood,Nottingham Forest,ATT,CENTRAVANTI,913.0,-0.1027,0.0147,-0.1909,-0.0253,-0.0654,-0.3462,0.3947,17.3569,1.0692,0.5257,0.4741,0.3391,0.4653,,3,3.37,0.89,-0.2016,-0.37,0.332,0.0315,1.0333,0.363,0.183,34.46,0.1131,38,15,0,0,0.6974,203,317,81,125,333,329,-0.3837,-0.1642,0.4988,1.2708,0.102,0.1385,-2.2276,-2.522
Antonee Robinson,Fulham,DIF,TERZINO,1484.0,-0.1049,-0.0534,-0.0697,-0.0971,0.016,-0.0884,0.0948,8.095,0.9651,0.5123,0.1151,0.09,0.1055,0.1081,0,0.22,,-0.469,-0.22,0.013,0.0673,1.0273,0.072,-0.037,28.79,0.3185,38,22,0,0,0.7895,204,213,301,323,264,274,-0.6639,-0.3667,-0.3599,2.2521,,-0.2,-0.7953,-0.6925
Evanilson,Bournemouth,ATT,CENTRAVANTI,2810.0,-0.1074,-0.0361,-0.2024,0.5517,0.183,-0.0608,0.4692,22.0645,,0.5822,0.5086,0.4169,0.6093,0.5537,6,11.82,0.508,-1.6928,-5.82,0.379,0.0983,0.9972,0.3468,-0.245,26.63,0.5212,38,36,0,0,0.9737,205,197,37,219,183,45,0.4418,0.749,,1.8296,-0.7459,-1.7254,-0.1372,1.1143
Matt Doherty,Wolverhampton Wanderers,DIF,CENTRALE,822.0,-0.108,-0.0809,0.0053,-0.1497,-0.1657,-0.2218,0.0928,10.2135,0.8473,0.4123,0.1168,0.0932,0.0998,0.1044,0,0.08,,-0.2828,-0.08,0.009,0.0186,0.9122,0.0154,-0.442,34.35,0.1147,38,11,0,0,0.6447,206,280,304,323,330,343,-0.709,0.419,-1.5692,0.9416,,0.1185,-1.7349,-2.2238
Josh Laurent,Burnley,DIF,CENTRALE,1720.0,-0.1162,-0.1507,-0.028,-0.3491,-0.147,-0.0308,0.1055,8.8101,,0.3487,0.1115,0.1081,0.0761,0.0993,1,1.04,0.962,-0.0392,-0.04,0.054,0.0382,0.9638,0.0495,-0.285,31.05,0.1905,38,33,0,0,0.9342,207,187,284,107,305,107,-0.4201,-0.1015,,0.1081,0.5304,0.5352,-1.3854,0.8377
Harry Maguire,Manchester United,DIF,CENTRALE,1666.0,-0.1224,0.0555,-0.2341,0.0492,-0.0457,-0.1748,0.113,7.0065,0.9579,0.2302,0.1523,0.0795,0.1414,0.1365,1,1.18,0.847,-0.1657,-0.18,0.064,0.0389,0.9533,0.0914,-0.671,33.22,0.1331,38,23,0,0,0.8026,208,262,275,141,321,261,-0.2504,-0.7704,-0.4338,-1.4449,0.3226,0.3188,-1.65,-0.554
Gabriel Martinelli,Arsenal,ATT,ALA,1025.0,-0.123,-0.4039,0.0886,-0.571,-0.207,-0.0923,0.5405,14.3962,0.8364,0.2962,0.5087,0.496,0.4291,0.527,1,5.35,0.187,-1.8807,-4.35,0.47,0.2257,1.0139,0.7261,-0.547,24.93,0.6724,38,30,0,0,0.8947,209,217,18,247,115,162,1.2311,-0.7385,-1.3904,-0.9989,-1.4584,-1.9603,0.6374,0.0746
Jacob Murphy,Newcastle United,ATT,ALA,1630.0,-0.1237,0.2894,-0.6462,-0.2545,-0.0219,-0.1585,0.4366,15.3859,,0.346,0.6017,0.2735,0.4359,0.4885,3,3.1,0.968,-0.0568,-0.1,0.171,0.2639,0.9848,0.3306,-0.351,31.24,0.1835,38,33,0,0,0.9342,210,252,53,106,308,107,0.08,-0.5466,,-0.5064,0.2752,0.3195,-1.867,0.5944
Kyle Walker-Peters,West Ham,DIF,TERZINO,1365.0,-0.1248,-0.0072,-0.1994,0.0524,-0.0312,-0.1561,0.1077,8.3913,0.9319,0.1759,0.1483,0.0676,0.1042,0.1001,1,1.18,0.847,-0.1657,-0.18,0.078,0.0231,1.0282,0.1401,-0.928,29.11,0.2945,38,23,0,0,0.8026,211,251,278,141,277,261,-0.3719,-0.2568,-0.7007,-2.1566,0.3226,0.3188,-0.9059,-0.554
Noni Madueke,Arsenal,ATT,ALA,1246.0,-0.1253,-0.139,-0.0611,-0.4521,-0.2956,-0.035,0.4338,11.7833,1.0772,0.2718,0.4794,0.3861,0.4316,0.4481,2,1.99,1.005,0.0071,0.01,0.144,0.2896,0.9879,0.5374,-0.315,24.21,0.7181,38,26,0,0,0.8421,212,189,57,100,85,217,0.049,-1.2454,0.5637,-1.2402,0.3573,0.3993,0.8715,-0.6177
Emmanuel Agbadou,Wolverhampton Wanderers,DIF,CENTRALE,1093.0,-0.1279,-0.0842,-0.0962,-0.0812,-0.1169,-0.1202,0.092,10.5841,0.8502,0.4485,0.1165,0.0869,0.1001,0.1038,0,0.45,,-0.6708,-0.45,0.037,0.014,0.9448,0.0443,0.0,28.93,0.3078,38,14,0,0,0.6842,213,232,306,323,270,334,-0.7267,0.5565,-1.5394,1.416,,-0.5452,-0.8446,-1.8061
Mason Mount,Manchester United,ATT,TREQUARTISTA,1021.0,-0.1311,-0.1079,-0.1213,0.1134,0.1439,-0.1827,0.3481,8.3967,1.1766,0.4044,0.4394,0.3195,0.4601,0.4602,3,1.74,1.724,0.9552,1.26,0.153,0.1234,1.0269,0.0895,-0.585,27.37,0.4478,38,23,0,0,0.8026,214,263,105,18,212,261,-0.9006,-1.9024,1.3703,0.0712,1.9532,1.5844,-0.5131,-1.1375
Maxence Lacroix,Crystal Palace,DIF,CENTRALE,3094.0,-0.1317,-0.3397,0.0263,-0.3978,-0.2877,-0.0605,0.1245,8.9465,,0.4043,0.118,0.1305,0.1116,0.1076,1,3.02,0.331,-1.1624,-2.02,0.088,0.0375,1.0066,0.0633,-0.488,26.13,0.5687,38,35,0,0,0.9605,215,196,253,239,162,65,0.0095,-0.0509,,0.8367,-0.6098,-1.3861,0.3582,1.1158
Pau Torres,Aston Villa,DIF,CENTRALE,1679.0,-0.1327,-0.0939,-0.1088,0.1176,0.0076,-0.0875,0.0986,7.8647,1.0702,0.2406,0.1195,0.089,0.1557,0.1485,0,1.59,0.0,-1.261,-1.59,0.085,0.0005,1.0042,0.9055,3.952,29.35,0.2779,38,21,0,0,0.7763,216,212,295,275,280,288,-0.5784,-0.4521,0.719,-1.3086,-1.208,-1.5548,-0.9825,-0.8321
William Saliba,Arsenal,DIF,CENTRALE,2609.0,-0.1341,-0.2262,-0.1538,-0.1794,-0.1965,0.0385,0.1024,6.3397,1.025,0.3629,0.1179,0.0907,0.1166,0.1062,1,1.58,0.633,-0.4614,-0.58,0.055,0.0452,1.0251,0.1034,0.057,25.17,0.6538,38,31,0,0,0.9079,217,158,289,201,126,145,-0.4923,-1.0178,0.255,0.2942,-0.0641,-0.187,0.7506,0.5596
Olivier Boscagli,Brighton,DIF,CENTRALE,801.0,-0.1399,-0.1173,0.0137,0.0429,0.0427,-0.1855,0.0876,7.5078,0.8374,0.2291,0.1124,0.09,,,0,0.02,,-0.1414,-0.02,0.002,0.0169,1.0161,0.1028,-0.733,28.51,0.3412,38,12,0,0,0.6579,218,266,309,323,249,341,-0.8269,-0.5845,-1.6708,-1.4594,,0.3604,-0.6906,-2.0842
Jorge Cuenca,Fulham,DIF,CENTRALE,949.0,-0.1419,-0.1799,0.0265,-0.0447,0.0051,-0.1271,0.0941,7.5771,1.0802,0.2427,0.1051,0.1028,,0.1263,0,0.05,,-0.2236,-0.05,0.005,0.0493,0.9687,0.0364,-0.051,26.52,0.5317,38,15,0,0,0.6974,219,237,303,323,181,329,-0.6801,-0.5588,0.8216,-1.2811,,0.2198,0.1876,-1.6665
Jorrel Hato,Chelsea,DIF,CENTRALE,1131.0,-0.1476,-0.1456,-0.1298,-0.0967,-0.2586,-0.0557,0.1019,5.4225,1.0332,0.3438,0.1228,0.0953,0.1018,0.0913,0,0.34,,-0.5831,-0.34,0.027,0.0565,0.9886,0.0253,-0.784,20.21,0.7398,38,22,0,0,0.7895,220,193,290,323,63,274,-0.503,-1.3579,0.3392,0.0438,,-0.3952,1.1471,-0.6925
Victor Lindelöf,Aston Villa,DIF,CENTRALE,938.0,-0.1489,-0.1534,-0.0354,-0.199,-0.2821,-0.2129,0.1003,6.7149,1.213,0.2331,0.1073,0.108,0.0949,0.0932,0,0.16,,-0.4,-0.16,0.015,0.0576,0.9973,0.025,-0.441,31.85,0.1643,38,17,0,0,0.7237,221,276,292,323,315,322,-0.5395,-0.8786,2.1849,-1.4069,,-0.082,-1.5062,-1.3884
Valentino Livramento,Newcastle United,DIF,TERZINO,1323.0,-0.1498,-0.1421,-0.0796,-0.0803,0.0843,-0.1102,0.0846,7.2716,0.9057,0.4002,0.1141,0.0779,0.1057,0.1285,0,0.15,,-0.3873,-0.15,0.01,0.0422,0.9936,0.0339,-0.435,23.53,0.7437,38,17,0,0,0.7237,222,230,313,323,58,322,-0.8962,-0.6721,-0.9697,0.783,,-0.0603,1.165,-1.3884
Marshall Munetsi,Wolverhampton Wanderers,ATT,TREQUARTISTA,863.0,-0.1526,0.0035,-0.1553,0.506,0.505,-0.4843,0.3497,17.4673,0.8783,0.2504,0.4443,0.3114,,,1,1.83,0.546,-0.6136,-0.83,0.191,0.0396,1.023,4.7101,2.362,29.92,0.2429,38,13,0,0,0.6711,223,336,104,209,291,339,-0.8826,-0.1428,-1.0504,-1.4518,-0.6615,-0.3765,-1.5627,-2.8682
Andrey Santos,Chelsea,CEN,MEDIANO,1217.0,-0.1587,-0.1899,-0.2859,-0.4285,-0.1048,0.0183,0.2224,7.5238,1.253,0.3192,0.2437,0.196,0.1682,0.2064,1,2.56,0.391,-0.975,-1.56,0.189,0.051,1.0219,0.2719,-0.471,22.06,0.7775,38,27,0,0,0.8553,224,166,159,235,9,204,0.313,-0.9869,2.0157,-0.5208,-0.9037,-1.2359,1.2621,-0.3443
Rodrigo Muniz,Fulham,ATT,CENTRAVANTI,1001.0,-0.1604,0.0421,-0.4665,0.0116,-0.0294,-0.1656,0.4592,17.7227,1.1389,0.5102,0.5172,0.3668,0.5118,0.5358,1,4.53,0.221,-1.6585,-3.53,0.407,0.0854,1.0069,0.3525,-0.24,25.05,0.6633,38,21,0,0,0.7763,225,256,45,245,121,288,0.3305,-0.0932,1.0644,1.1175,-1.3829,-1.6825,0.5907,-1.4836
Bashir Humphreys,Burnley,DIF,CENTRALE,1585.0,-0.1639,0.0228,-0.3167,-0.0323,-0.1002,-0.0884,0.0973,10.877,0.9044,0.3411,0.1377,0.0649,0.1213,0.1005,0,0.53,0.0,-0.728,-0.53,0.03,0.0488,0.9623,0.0429,-0.392,22.57,0.7674,38,20,0,0,0.7632,226,213,296,275,32,301,-0.6062,0.6651,-0.983,0.0085,-1.208,-0.643,1.2743,-0.9706
Tyler Adams,Bournemouth,CEN,MEDIANO,1805.0,-0.1673,-0.4226,0.155,0.3337,0.2717,-0.2215,0.1366,7.6139,0.9166,0.2935,0.1373,0.1698,0.1968,0.1945,2,0.93,2.151,1.1095,1.07,0.046,0.0613,0.9905,0.3445,0.853,27.27,0.4581,38,25,0,0,0.8289,227,279,236,6,206,232,-0.984,-0.9607,-0.8689,-0.8266,1.9595,1.6828,-0.1385,-0.6912
Crysencio Summerville,West Ham,ATT,ESTERNO_C,2509.0,-0.1674,-0.7758,0.1968,-0.5887,-0.3928,-0.1121,0.3404,19.1033,1.385,0.5346,0.3278,0.3827,0.3566,0.4285,5,5.71,0.876,-0.2971,-0.71,0.205,0.1155,1.0024,0.2785,-0.18,24.56,0.698,38,31,0,0,0.9079,228,231,110,130,100,145,-0.9862,0.1746,3.0,1.3588,0.071,0.0191,0.7685,0.2483
Tosin Adarabioyo,Chelsea,DIF,CENTRALE,791.0,-0.1715,-0.0663,-0.1489,-0.0823,-0.0824,-0.1663,0.0954,5.4402,1.0909,0.2311,0.1163,0.0976,,,0,0.08,,-0.2828,-0.08,0.009,0.0478,1.0485,0.016,-0.491,28.66,0.3288,38,16,0,0,0.7105,229,257,300,323,259,326,-0.6494,-1.3514,0.9315,-1.4331,,0.1185,-0.7478,-1.5279
Amadou Onana,Aston Villa,CEN,MEDIANO,1793.0,-0.1743,-0.1072,-0.2622,-0.7238,-0.4822,-0.1268,0.1793,10.2281,1.1164,0.3813,0.2109,0.1615,0.1356,0.1772,2,2.78,0.719,-0.4678,-0.78,0.14,0.0246,0.9753,0.2052,0.446,24.77,0.684,38,25,0,0,0.8289,230,236,194,180,106,232,-0.3385,-0.1999,0.8443,0.2183,-0.3701,-0.5257,0.8521,-0.6912
Djed Spence,Tottenham,DIF,TERZINO,2068.0,-0.1785,-0.1526,-0.3407,-0.3361,-0.221,-0.0823,0.1281,9.6885,1.092,0.3081,0.153,0.0989,0.1005,0.124,0,1.14,0.0,-1.0677,-1.14,0.05,0.0809,1.0101,0.0255,-0.757,25.79,0.6003,38,30,0,0,0.8947,231,211,249,275,147,162,0.092,0.2243,0.9428,-0.424,-1.208,-1.2241,0.5039,0.42
Axel Disasi,West Ham,DIF,CENTRALE,1258.0,-0.1799,-0.1632,-0.1581,0.0781,-0.1879,-0.2236,0.1024,9.5081,1.0961,0.2815,0.13,0.0896,0.1495,0.102,0,1.08,0.0,-1.0392,-1.08,0.077,0.0014,0.9853,0.014,-0.822,28.2,0.368,38,14,0,0,0.6842,232,283,288,275,238,334,-0.492,0.1574,0.9849,-0.7726,-1.208,-1.1754,-0.5671,-1.8061
Omari Hutchinson,Nottingham Forest,ATT,ALA,1664.0,-0.18,-0.1684,-0.2556,-0.0012,-0.252,0.0754,0.398,17.2477,1.0348,0.3167,0.4477,0.3645,0.4519,0.4024,1,2.17,0.461,-0.7942,-1.17,0.117,0.2666,1.0021,0.524,-0.241,22.57,0.7674,38,31,0,0,0.9079,233,142,79,226,32,145,-0.348,-0.1854,0.2196,-0.7961,-0.8502,-0.6022,1.124,0.2483
Diego Gómez,Brighton,ATT,ALA,2186.0,-0.185,-0.2145,-0.1618,0.1113,1.1185,-0.1543,0.3674,17.0593,0.9749,0.3913,0.4146,0.3475,0.4646,0.6678,5,6.4,0.781,-0.5534,-1.4,0.263,0.0852,0.9982,0.6906,0.817,23.16,0.7494,38,32,0,0,0.9211,234,249,95,161,52,126,-0.6864,-0.2219,-0.2665,-0.0583,-0.1399,-0.3012,1.0318,0.422
Martín Zubimendi,Arsenal,CEN,MEZZALA,3040.0,-0.1892,-0.2944,-0.2376,-0.2492,-0.0677,-0.0017,0.132,6.6579,,0.3764,0.1631,0.1239,0.1508,0.1632,5,2.95,1.695,1.1936,2.05,0.087,0.0326,1.0226,0.0964,-0.211,27.3,0.455,38,38,0,0,1.0,235,175,242,21,208,8,-1.0549,-1.2389,,0.16,1.2177,1.8006,-0.1521,1.557
Nico González,Manchester City,CEN,MEDIANO,1576.0,-0.1904,-0.1823,-0.2013,-0.0176,-0.1917,-0.0214,0.1227,5.2321,1.0155,0.3536,0.1653,0.1188,0.161,0.1534,1,0.61,1.639,0.4993,0.39,0.035,0.0503,1.0096,0.1155,0.385,24.39,0.7083,38,25,0,0,0.8289,236,182,256,27,94,232,-1.1952,-1.6538,-0.0209,-0.1114,1.1266,0.8284,0.9587,-0.6912
James Hill,Bournemouth,DIF,CENTRALE,2100.0,-0.1938,-0.1813,-0.3088,0.0042,-0.2889,-0.059,0.1088,6.7242,1.0503,0.3789,0.131,0.0911,0.1483,0.1279,0,0.96,0.0,-0.9798,-0.96,0.041,0.0613,0.983,0.0834,0.007,24.37,0.7094,38,29,0,0,0.8816,237,194,277,275,92,176,-0.3461,-0.8751,0.5147,0.5038,-1.208,-1.0738,1.0069,0.2815
Cristhian Mosquera,Arsenal,DIF,CENTRALE,976.0,-0.1966,-0.1396,-0.1863,-0.0328,-0.1722,-0.0659,0.0783,4.3291,1.0073,0.3424,0.1148,0.0744,0.1115,0.112,0,0.09,,-0.3,-0.09,0.008,0.0267,1.011,0.0438,0.263,21.91,0.7785,38,20,0,0,0.7632,238,201,324,323,5,301,-1.0391,-1.7635,0.0733,0.0255,,0.0891,1.3255,-0.9706
Lisandro Martínez,Manchester United,DIF,CENTRALE,1217.0,-0.1968,-0.1501,-0.1556,-0.0676,-0.1835,-0.173,0.0787,5.1796,1.0627,0.2876,0.1122,0.0724,0.1027,0.0901,0,0.11,,-0.3317,-0.11,0.008,0.034,1.0264,0.0215,-0.363,28.34,0.3557,38,18,0,0,0.7368,239,260,322,323,243,314,-1.0301,-1.448,0.642,-0.6927,,0.0349,-0.6238,-1.2498
Enzo Le Fée,Sunderland,ATT,TREQUARTISTA,2953.0,-0.1982,-0.15,-0.1732,-0.2896,0.0652,0.0742,0.3193,21.5395,,0.2087,0.3551,0.3142,0.3372,0.3823,2,2.21,0.905,-0.1413,-0.21,0.067,0.2298,0.999,1.2725,0.737,26.3,0.5526,38,36,0,0,0.9737,240,143,117,123,169,45,-1.2194,0.6472,,-1.8642,0.1353,0.2139,0.0237,1.1143
Jaydee Canvot,Crystal Palace,DIF,CENTRALE,1334.0,-0.1988,-0.0423,-0.371,-0.3152,-0.2142,-0.1004,0.1151,8.4215,0.9143,0.3196,0.1593,0.0716,0.0817,0.1013,0,1.57,0.0,-1.253,-1.57,0.106,0.0054,1.0235,0.1083,0.312,19.82,0.723,38,20,0,0,0.7632,241,223,271,275,82,301,-0.204,-0.2456,-0.8814,-0.2733,-1.208,-1.5411,1.0696,-0.9706
Abduqodir Khusanov,Manchester City,DIF,CENTRALE,1421.0,-0.2009,-0.1324,-0.2264,0.0271,-0.2185,-0.0674,0.0964,5.7743,0.9525,0.3101,0.1272,0.0835,0.1359,0.1198,0,0.67,0.0,-0.8185,-0.67,0.042,0.0367,0.9956,0.094,0.532,22.23,0.7753,38,21,0,0,0.7763,242,202,298,275,16,288,-0.628,-1.2275,-0.4893,-0.3978,-1.208,-0.7979,1.3107,-0.8321
Murillo,Nottingham Forest,DIF,CENTRALE,2132.0,-0.2014,-0.1738,-0.0907,-0.0174,-0.0888,-0.0676,0.0608,6.7856,0.8357,0.3859,0.0796,0.0658,0.0947,0.0896,1,0.6,1.667,0.5164,0.4,0.025,0.0127,0.9674,0.0427,0.186,23.89,0.7325,38,25,0,0,0.8289,243,203,337,25,70,232,-1.4358,-0.8524,-1.6883,0.5956,1.8045,1.4856,1.1134,-0.2759
Lucas Paquetá,West Ham,ATT,MEZZALA,1544.0,-0.2037,-0.523,0.3125,0.1199,0.3457,-0.4492,0.3078,17.4838,0.8597,0.4885,0.3121,0.3846,0.4525,0.4825,2,0.91,2.198,1.1426,1.09,0.053,0.1755,0.9916,0.2212,-0.024,28.74,0.3224,38,18,0,0,0.7368,244,331,125,4,262,314,-1.3474,-0.1396,-1.2013,0.9029,3.0,1.8186,-1.1555,-2.0035
Ayden Heaven,Manchester United,DIF,CENTRALE,923.0,-0.2059,-0.2127,-0.1329,-0.2265,0.0253,-0.1505,0.0919,5.367,1.1236,0.2327,0.1195,0.0851,0.0985,0.1345,0,0.22,,-0.469,-0.22,0.021,0.0351,1.0358,0.0076,-0.919,19.67,0.7163,38,17,0,0,0.7237,245,247,307,323,87,322,-0.7303,-1.3785,1.2672,-1.4122,,-0.2,1.0387,-1.3884
Raúl Jiménez,Fulham,ATT,CENTRAVANTI,2215.0,-0.2106,-0.2039,-0.2713,-0.6103,-0.5511,0.0489,0.4398,21.5447,,0.5222,0.4986,0.3765,0.4037,0.4135,5,8.98,0.557,-1.3281,-3.98,0.365,0.0784,0.9987,0.3203,-0.249,21.04,0.7682,38,36,0,0,0.9737,246,153,50,208,29,45,0.1153,0.6482,,1.2362,-0.6371,-1.2695,1.1281,1.1143
Boubacar Kamara,Aston Villa,CEN,MEDIANO,1434.0,-0.2154,-0.1806,-0.1208,-0.1348,-0.2391,-0.1257,0.1508,9.8962,0.9373,0.406,0.1736,0.161,0.1611,0.1566,1,1.06,0.943,-0.0583,-0.06,0.067,0.0452,0.9996,0.1766,0.731,26.5,0.5336,38,18,0,0,0.7368,247,235,223,113,179,314,-0.7699,-0.2965,-0.6914,0.5123,-0.0057,0.0477,0.1926,-1.9013
Iliman Ndiaye,Everton,ATT,ALA,2805.0,-0.2204,-0.3797,-0.2531,-0.3129,-0.2545,0.0025,0.3173,19.8245,1.156,0.5212,0.3582,0.3095,0.3846,0.3952,4,4.61,0.868,-0.2841,-0.61,0.148,0.1428,0.9895,0.2678,-0.093,26.21,0.5612,38,32,0,0,0.9211,248,172,119,135,165,126,-1.2417,0.3145,1.2031,1.2263,0.0532,0.0354,0.0677,0.422
Brajan Gruda,Brighton,ATT,ALA,716.0,-0.2205,-0.3006,-0.1406,-0.4346,-0.1712,-0.1242,0.4055,11.9403,1.0508,0.3747,0.4255,0.4016,0.4115,0.4501,1,1.77,0.565,-0.5788,-0.77,0.222,0.1521,1.0095,0.1439,-0.811,21.98,0.7781,38,18,0,0,0.7368,249,234,74,206,8,314,-0.2645,-1.215,0.3494,-0.2225,-0.6194,-0.333,1.1788,-2.0035
Lewis Dunk,Brighton,DIF,CENTRALE,2831.0,-0.2273,-0.3131,-0.1524,-0.3801,-0.2978,-0.0399,0.0708,5.9321,,0.3683,0.0819,0.0753,0.0643,0.068,1,1.34,0.746,-0.2937,-0.34,0.043,0.0172,1.005,0.084,0.474,34.51,0.1123,38,33,0,0,0.9342,250,192,329,171,334,107,-1.2074,-1.1689,,0.3649,0.1401,0.0999,-1.7459,0.8377
Luke Shaw,Manchester United,DIF,TERZINO,3269.0,-0.2338,-0.133,-0.4046,-0.3979,-0.2465,-0.0145,0.0674,4.7369,,0.3327,0.1011,0.0493,0.0536,0.0802,1,0.58,1.724,0.5515,0.42,0.016,0.0413,1.0071,0.0409,-0.265,30.87,0.1975,38,38,0,0,1.0,251,180,334,18,303,8,-1.2863,-1.6122,,-0.1016,1.9075,1.5456,-1.3531,1.5335
Callum Hudson-Odoi,Nottingham Forest,ATT,ALA,1857.0,-0.2362,0.2036,-0.55,-0.3808,-0.0082,-0.1962,0.3643,18.786,0.7928,0.2547,0.4621,0.285,0.3862,0.4422,3,2.97,1.01,0.0174,0.03,0.144,0.1905,0.9847,0.3328,-0.501,25.54,0.6227,38,30,0,0,0.8947,252,271,96,99,140,162,-0.7215,0.113,-1.7442,-1.4093,0.3684,0.4122,0.3828,0.0746
Toti,Wolverhampton Wanderers,DIF,CENTRALE,1437.0,-0.2386,-0.0834,-0.3038,-0.0812,-0.2478,-0.1739,0.0922,10.1675,0.8982,0.2894,0.1313,0.0684,0.1146,0.089,0,0.95,0.0,-0.9747,-0.95,0.059,0.01,0.9795,0.1,0.644,27.35,0.4499,38,19,0,0,0.75,253,261,305,275,210,308,-0.7228,0.402,-1.0467,-0.6691,-1.208,-1.065,-0.1895,-1.1102
Noussair Mazraoui,Manchester United,DIF,QUINTO,990.0,-0.2424,-0.1622,-0.1186,-0.0415,-0.0492,-0.222,0.0787,4.8829,0.8781,0.1965,0.1067,0.0812,,0.1148,0,0.2,,-0.4472,-0.2,0.018,0.0191,1.0139,0.1412,-0.52,28.52,0.3403,38,20,0,0,0.7632,254,281,321,323,251,301,-1.0288,-1.5581,-1.253,-1.8866,,-0.1627,-0.6948,-0.9706
Ola Aina,Nottingham Forest,DIF,TERZINO,1595.0,-0.243,-0.2024,-0.1239,-0.1341,-0.1841,-0.232,0.074,7.5759,0.9825,0.4521,0.104,0.0703,0.0931,0.092,0,0.41,,-0.6403,-0.41,0.023,0.0197,1.0124,0.0341,-0.203,29.62,0.2605,38,18,0,0,0.7368,255,285,327,323,285,314,-1.1361,-0.5593,-0.1813,1.4632,,-0.493,-1.0627,-1.2498
Brenden Aaronson,Leeds,ATT,TREQUARTISTA,2517.0,-0.2437,-0.0386,-0.492,-0.0625,-0.5047,-0.0625,0.4157,19.3599,,0.4381,0.5062,0.3353,0.4689,0.4096,4,5.88,0.68,-0.7753,-1.88,0.21,0.2031,1.0017,0.2483,-0.35,25.59,0.6183,38,37,0,0,0.9868,256,199,70,188,143,26,-0.1511,0.2244,,0.4045,-0.3641,-0.5786,0.3602,1.2867
Mateus Mané,Wolverhampton Wanderers,ATT,TREQUARTISTA,1784.0,-0.2466,-0.2703,-0.1706,-0.4985,-0.4877,-0.0241,0.3136,17.8935,1.048,0.3113,0.3577,0.3187,0.3448,0.3418,3,1.97,1.523,0.7338,1.03,0.099,0.1655,0.9802,0.5776,0.484,18.69,0.6732,38,27,0,0,0.8553,257,184,122,36,113,204,-1.283,-0.0601,0.3267,-0.8495,1.5071,1.3077,0.6415,-0.4439
Daichi Kamada,Crystal Palace,CEN,MEZZALA,1924.0,-0.2493,0.1197,-0.6349,-0.8167,-0.5667,-0.3713,0.1959,10.0156,1.0605,0.3836,0.2717,0.131,0.1381,0.1582,0,1.49,0.0,-1.2207,-1.49,0.07,0.1207,0.9905,0.1881,-0.074,29.8,0.2497,38,28,0,0,0.8684,258,323,179,275,289,191,-0.0876,-0.2617,0.365,0.2457,-1.5398,-1.58,-1.0524,-0.1722
Soungoutou Magassa,West Ham,CEN,MEDIANO,976.0,-0.2565,-0.1819,-0.2041,-0.1512,-0.2303,-0.063,0.169,8.4492,0.8792,0.2776,0.2017,0.1617,0.177,0.1791,1,0.62,1.613,0.4826,0.38,0.057,0.0692,0.9729,0.0426,-0.645,22.63,0.7654,38,22,0,0,0.7895,259,200,202,32,35,274,-0.4945,-0.7176,-1.1896,-1.0159,1.0843,0.805,1.2091,-1.2089
Eliezer Mayenda,Sunderland,ATT,CENTRAVANTI,740.0,-0.259,-0.3215,-0.1085,0.0664,-0.1718,-0.1474,0.3929,13.6633,0.9958,0.3582,0.4452,0.3695,0.4946,0.4551,2,2.03,0.985,-0.0211,-0.03,0.247,0.0888,0.998,0.1774,-0.547,21.04,0.7682,38,20,0,0,0.7632,260,245,82,103,29,301,-0.4042,-0.8807,-0.0969,-0.3857,0.3129,0.3641,1.1281,-1.6561
Lucas Bergvall,Tottenham,CEN,MEZZALA,956.0,-0.2607,-0.1778,-0.1554,-0.1121,0.0475,-0.1011,0.1826,9.0757,1.0425,0.2105,0.2063,0.1775,0.1831,0.1915,1,1.43,0.699,-0.3596,-0.43,0.135,0.0273,1.0421,0.3514,-0.495,20.3,0.7434,38,23,0,0,0.8026,261,224,191,184,59,261,-0.2879,-0.5353,0.2106,-1.8145,-0.4026,-0.3742,1.1126,-1.0367
Adam Armstrong,Wolverhampton Wanderers,ATT,CENTRAVANTI,1170.0,-0.2608,-0.1528,-0.3385,-0.415,-0.4516,-0.1694,0.3519,19.4316,1.1417,0.5003,0.4492,0.3132,,0.4051,1,2.04,0.49,-0.7281,-1.04,0.157,0.1154,1.0118,0.2204,-0.155,19.34,0.7014,38,14,0,0,0.6842,262,259,101,224,97,334,-0.8584,0.2383,1.0871,1.0196,-0.7858,-0.5196,0.7859,-2.6958
Joe Rodon,Leeds,DIF,CENTRALE,2954.0,-0.264,-0.2258,-0.3486,-0.0669,-0.1561,-0.1503,0.0791,6.246,,0.3423,0.1103,0.0592,0.1018,0.0988,2,1.85,1.081,0.1103,0.15,0.056,0.0143,1.0116,0.0744,0.112,28.59,0.3345,38,35,0,0,0.9605,263,246,318,83,256,65,-1.0201,-1.0525,,0.0242,0.7455,0.7909,-0.7215,1.1158
Pascal Struijk,Leeds,DIF,CENTRALE,2940.0,-0.2641,-0.182,-0.4717,-0.2703,-0.2032,-0.1382,0.1239,8.8721,,0.4648,0.1629,0.0828,0.1318,0.1395,0,2.96,0.0,-1.7205,-2.96,0.091,0.0334,1.0012,0.0722,-0.397,26.78,0.507,38,34,0,0,0.9474,264,242,255,275,191,86,-0.0037,-0.0785,,1.6296,-1.208,-2.3408,0.0738,0.9773
Alex Iwobi,Fulham,ATT,ALA,2473.0,-0.2656,-0.0742,-0.6183,-0.0812,-0.0947,-0.2082,0.2596,15.2567,1.1419,0.4612,0.3427,0.2336,0.3401,0.3439,4,2.39,1.674,1.0414,1.61,0.087,0.1317,1.0058,0.2884,0.336,30.06,0.2352,38,29,0,0,0.8816,265,275,145,23,295,176,-1.8815,-0.5716,1.0887,0.6329,1.8423,1.6921,-1.6022,-0.0978
Ibrahim Sangare,Nottingham Forest,CEN,MEDIANO,2111.0,-0.2691,0.0017,-0.5525,-0.4924,-0.0534,-0.3465,0.1484,9.8775,1.1198,0.3182,0.2118,0.0966,0.1416,0.1995,2,1.58,1.266,0.3341,0.42,0.067,0.0622,0.9914,0.0243,-0.792,28.47,0.3445,38,28,0,0,0.8684,266,318,225,67,247,191,-0.8054,-0.3019,0.8735,-0.5327,0.5198,0.5971,-0.6367,-0.1722
Lutsharel Geertruida,Sunderland,DIF,TERZINO,1659.0,-0.2737,-0.1863,-0.3341,-0.3566,-0.294,-0.1459,0.1014,8.0583,0.9628,0.2878,0.1284,0.0866,0.1032,0.1041,0,0.84,0.0,-0.9165,-0.84,0.046,0.0418,0.9608,0.0706,-0.611,25.85,0.5948,38,28,0,0,0.8684,267,244,291,275,152,191,-0.5139,-0.3803,-0.3835,-0.6901,-1.208,-0.9655,0.4786,0.1419
Chris Rigg,Sunderland,ATT,ALA,780.0,-0.2739,-0.2104,-0.0715,0.4169,-0.1022,-0.1669,0.3414,11.3738,1.1672,0.2578,0.3881,0.3579,,0.4126,1,0.8,1.25,0.2236,0.2,0.092,0.1385,1.0164,1.0034,1.829,18.93,0.6832,38,18,0,0,0.7368,268,258,109,68,107,314,-0.9747,-1.3249,1.294,-1.3786,0.9011,0.67,0.6927,-2.0035
Wilson Odobert,Tottenham,ATT,ALA,946.0,-0.2829,-0.086,-0.5486,0.2465,-0.0317,-0.1647,0.4227,15.3703,0.9604,0.3588,0.525,0.3236,0.5533,0.4936,0,2.46,0.0,-1.5684,-2.46,0.234,0.1855,1.0056,0.6903,0.366,21.48,0.7765,38,24,0,0,0.8158,269,254,65,275,12,247,-0.0738,-0.5496,-0.3842,-0.3798,-1.8735,-1.5699,1.1706,-0.9638
James Milner,Brighton,CEN,MEDIANO,773.0,-0.2975,-0.2135,-0.2881,-0.1999,-0.0415,-0.2579,0.1643,6.7645,0.9461,0.3235,0.2005,0.1625,0.188,0.2139,0,0.22,,-0.469,-0.22,0.026,0.0757,1.009,0.0571,-0.489,26.46,0.5374,38,20,0,0,0.7632,270,294,207,323,176,301,-0.5658,-1.2079,-0.616,-0.4696,,-0.5274,0.2092,-1.5544
Hjalmar Ekdal,Burnley,DIF,CENTRALE,1545.0,-0.2994,-0.1833,-0.2925,-0.1655,-0.2857,-0.2379,0.076,8.9852,0.987,0.2821,0.1089,0.0677,0.0967,0.0892,0,0.61,0.0,-0.781,-0.61,0.036,0.0099,0.9788,0.0232,-0.435,27.59,0.4257,38,19,0,0,0.75,271,287,325,275,220,308,-1.0896,-0.0365,-0.1351,-0.7648,-1.208,-0.7337,-0.3011,-1.1102
Yves Bissouma,Tottenham,CEN,MEZZALA,619.0,-0.3033,-0.2418,-0.1271,-0.1372,-0.1451,-0.2784,0.1584,10.1221,1.034,0.2692,0.1927,0.1653,0.1721,0.1761,0,0.21,,-0.4583,-0.21,0.031,0.0,0.9972,0.0147,-0.62,29.73,0.2538,17,11,0,0,0.8235,272,301,218,323,286,240,-0.6553,-0.2308,0.1378,-1.1158,,-0.5124,-1.0344,-0.7621
Sandro Tonali,Newcastle United,CEN,MEZZALA,2586.0,-0.3043,-0.2055,-0.4603,0.3874,0.3324,-0.2357,0.1852,10.101,,0.4502,0.2279,0.1492,0.2459,0.2705,0,1.42,0.0,-1.1916,-1.42,0.049,0.1305,0.9984,0.2349,0.452,26.04,0.5772,38,35,0,0,0.9605,273,286,188,275,159,65,-0.2484,-0.2369,,1.0383,-1.5398,-1.5392,0.3838,1.038
Omar Alderete,Sunderland,DIF,CENTRALE,2808.0,-0.3058,-0.3624,-0.1743,-0.4451,-0.2507,-0.1287,0.0787,8.3827,,0.4096,0.0787,0.092,0.0644,0.0758,1,1.55,0.645,-0.4418,-0.55,0.05,0.0199,1.0083,0.0304,-0.556,29.41,0.2739,38,33,0,0,0.9342,274,238,320,197,282,107,-1.028,-0.26,,0.9062,-0.0424,-0.1535,-1.0009,0.8377
Dan Burn,Newcastle United,DIF,CENTRALE,2205.0,-0.3061,-0.2895,-0.1258,-0.0288,-0.1545,-0.1538,0.0704,5.9591,0.8315,0.2036,0.0993,0.0621,0.1042,0.0792,1,0.93,1.075,0.0726,0.07,0.038,0.0167,0.9916,0.2579,0.729,34.04,0.1193,38,29,0,0,0.8816,275,248,330,87,328,176,-1.2176,-1.1589,-1.7314,-1.7935,0.7347,0.7264,-1.7137,0.2815
Wesley Fofana,Chelsea,DIF,CENTRALE,1745.0,-0.3169,-0.207,-0.3932,-0.2131,-0.3329,-0.1926,0.0794,5.0865,1.0237,0.2286,0.1195,0.0598,0.0893,0.086,0,0.53,0.0,-0.728,-0.53,0.027,0.0335,1.0008,0.025,-0.679,25.43,0.6322,38,25,0,0,0.8289,276,268,317,275,137,232,-1.014,-1.4826,0.2416,-1.4659,-1.208,-0.643,0.651,-0.2759
Jefferson Lerma,Crystal Palace,CEN,MEZZALA,1693.0,-0.3178,-0.2437,-0.4326,-0.3283,-0.6076,-0.1961,0.2092,9.7112,0.8993,0.4151,0.2382,0.1758,0.1877,0.1582,0,2.21,0.0,-1.4866,-2.21,0.117,0.0946,1.0083,0.1435,-0.332,31.58,0.1723,38,31,0,0,0.9079,277,270,168,275,312,145,0.1138,-0.3503,-1.0173,0.6206,-1.5398,-1.9523,-1.3918,0.3468
Adam Smith,Bournemouth,DIF,TERZINO,1079.0,-0.3198,-0.1254,-0.3804,-0.2536,-0.2691,-0.2937,0.0791,4.3971,1.1886,0.2363,0.0996,0.0871,0.1182,0.1201,0,0.0,,,0.0,0.0,0.0409,1.0068,0.0055,-0.764,35.07,0.1046,38,22,0,0,0.7895,278,305,319,323,337,274,-1.0202,-1.7383,1.9344,-1.365,,,-1.7814,-0.6925
Chris Richards,Crystal Palace,DIF,CENTRALE,2819.0,-0.3207,-0.2549,-0.435,-0.2672,-0.2417,-0.1027,0.0809,6.1835,,0.3611,0.1092,0.0657,0.108,0.0991,1,1.78,0.562,-0.5846,-0.78,0.057,0.0156,1.0121,0.1135,0.65,26.15,0.5668,38,33,0,0,0.9342,279,225,315,207,163,107,-0.9801,-1.0757,,0.2706,-0.1924,-0.3977,0.3495,0.8377
Lyle Foster,Burnley,ATT,CENTRAVANTI,1375.0,-0.3216,-0.5174,-0.1196,-0.5268,0.0417,-0.2781,0.3554,17.0953,1.1754,0.3145,0.3928,0.3598,0.3767,0.4957,3,3.59,0.836,-0.3114,-0.59,0.235,0.0746,0.9957,0.2834,-0.413,25.72,0.6066,38,26,0,0,0.8421,280,300,100,148,145,217,-0.8199,-0.215,1.3606,-0.8179,-0.0178,0.0012,0.3003,-0.6177
Calvin Bassey,Fulham,DIF,CENTRALE,2523.0,-0.3284,-0.3862,-0.2116,-0.3447,-0.272,-0.1653,0.071,6.8178,1.0227,0.2826,0.0706,0.0874,0.0724,0.0905,1,1.19,0.84,-0.1742,-0.19,0.042,0.0153,0.9911,0.0365,-0.324,26.4,0.5431,38,30,0,0,0.8947,281,255,328,144,173,162,-1.204,-0.8404,0.2314,-0.7582,0.31,0.3043,0.2402,0.42
Sávio,Manchester City,ATT,ALA,792.0,-0.3286,-0.3187,-0.3328,-0.419,-0.4305,-0.1054,0.4436,9.3026,1.114,0.263,0.4982,0.376,0.4546,0.4516,1,3.27,0.306,-1.2553,-2.27,0.372,0.1057,1.012,0.5801,-0.374,22.12,0.7769,38,24,0,0,0.8158,282,228,48,240,11,247,0.1573,-1.7267,0.8623,-1.3272,-1.1943,-1.1786,1.1727,-0.9638
Hannibal Mejbri,Burnley,ATT,TREQUARTISTA,1251.0,-0.3299,-0.098,-0.3342,-0.1787,-0.3958,-0.1883,0.3349,14.0543,1.0281,0.2305,0.4234,0.3001,0.4365,0.4091,1,0.74,1.351,0.3022,0.26,0.053,0.2036,0.976,0.3875,-0.819,23.34,0.7474,38,27,0,0,0.8553,283,267,112,58,55,204,-1.0474,-0.8049,0.1652,-1.6486,1.1253,0.7682,1.0215,-0.4439
Kyle Walker,Burnley,DIF,TERZINO,3101.0,-0.3319,-0.1238,-0.4816,-0.382,-0.0288,-0.163,0.0638,7.9411,,0.2774,0.1038,0.0434,0.0681,0.1082,0,0.09,,-0.3,-0.09,0.003,0.0482,0.9748,0.0324,-0.333,35.99,0.0927,38,36,0,0,0.9737,284,253,335,323,342,45,-1.3668,-0.4238,,-0.8264,,0.0891,-1.8363,1.2554
Bafode Diakite,Bournemouth,DIF,CENTRALE,1276.0,-0.3337,-0.236,-0.2853,-0.033,-0.2036,-0.269,0.0581,4.7669,0.9299,0.2718,0.09,0.0664,,0.0977,0,0.01,,-0.1,-0.01,0.001,0.0056,1.0275,0.0003,-0.94,25.38,0.6365,38,18,0,0,0.7368,285,299,338,323,135,314,-1.4961,-1.6011,-0.7213,-0.8997,,0.4312,0.6708,-1.2498
Jacob Bruun Larsen,Burnley,ATT,ALA,1003.0,-0.3353,-0.1904,-0.2962,-0.1878,-0.1726,-0.0937,0.351,11.9359,1.003,0.2576,0.4377,0.3217,0.4408,0.445,0,1.42,0.0,-1.1916,-1.42,0.127,0.1238,0.9837,2.4534,2.949,27.68,0.4168,38,28,0,0,0.8684,286,220,102,275,222,191,-0.8688,-1.2158,-0.0385,-1.3806,-1.8735,-1.0989,-0.6719,-0.2715
Max Kilman,West Ham,DIF,CENTRALE,1552.0,-0.3381,-0.1169,-0.4618,-0.2369,-0.2998,-0.329,0.0955,8.46,0.9531,0.3117,0.1439,0.0608,0.093,0.1242,0,1.15,0.0,-1.0724,-1.15,0.067,0.0122,0.9926,0.0082,-0.873,29.0,0.3025,38,21,0,0,0.7763,287,314,299,275,271,288,-0.6488,-0.2313,-0.4831,-0.3768,-1.208,-1.2322,-0.8691,-0.8321
Aaron Wan-Bissaka,West Ham,DIF,TERZINO,2093.0,-0.3387,-0.3727,-0.1854,-0.4148,-0.1049,-0.2539,0.0786,7.6984,0.912,0.3988,0.0917,0.084,0.0902,0.1203,0,0.0,,,0.0,0.0,0.0611,0.97,0.0847,0.491,28.49,0.3428,38,25,0,0,0.8289,288,293,323,323,248,232,-1.0307,-0.5138,-0.905,0.7646,,,-0.6833,-0.2759
Mohammed Kudus,Tottenham,ATT,ALA,1577.0,-0.347,-0.6346,0.0292,-0.7511,-0.2558,-0.421,0.334,20.9619,0.8403,0.4671,0.3476,0.3759,0.3279,0.4392,2,2.36,0.847,-0.2343,-0.36,0.135,0.1461,1.0103,0.1121,-0.574,25.81,0.5985,38,19,0,0,0.75,289,327,113,141,148,308,-1.0574,0.5351,-1.3588,0.6913,0.0066,0.0976,0.2588,-1.8298
Kevin Danso,Tottenham,DIF,CENTRALE,1489.0,-0.3559,-0.1786,-0.4729,-0.2226,-0.2723,-0.2228,0.0681,5.9115,1.1212,0.3764,0.1029,0.0619,0.0927,0.0987,0,0.51,0.0,-0.7141,-0.51,0.031,0.0091,1.0051,0.0745,1.235,27.68,0.4168,38,24,0,0,0.8158,290,282,333,275,222,247,-1.2705,-1.1766,1.2425,0.4711,-1.208,-0.6193,-0.3421,-0.4144
Jake O'Brien,Everton,DIF,TERZINO,3146.0,-0.3579,-0.3546,-0.3216,-0.3948,-0.3629,-0.0013,0.0684,6.4067,,0.3479,0.0876,0.0649,0.0734,0.064,1,1.31,0.763,-0.2708,-0.31,0.037,0.0203,1.0019,0.1501,1.725,25.02,0.6656,38,37,0,0,0.9868,291,174,332,167,120,26,-1.2633,-0.9929,,0.0976,0.1708,0.139,0.805,1.3939
Ibrahima Konaté,Liverpool,DIF,CENTRALE,3133.0,-0.3615,-0.4398,-0.3317,-0.2857,-0.5631,-0.1966,0.0842,5.9567,,0.288,0.088,0.0911,0.0869,0.0689,1,1.96,0.51,-0.6857,-0.96,0.056,0.0207,1.0059,0.0443,-0.414,27.0,0.4862,38,36,0,0,0.9737,292,272,314,218,198,45,-0.9045,-1.1598,,-0.6874,-0.2864,-0.5707,-0.0221,1.2554
Pablo,West Ham,ATT,TREQUARTISTA,844.0,-0.363,-0.2192,-0.3078,-0.4484,-0.4496,-0.0613,0.3713,14.2148,1.2306,0.3742,0.4623,0.3284,,,0,1.42,0.0,-1.1916,-1.42,0.151,0.1365,1.0063,0.7558,0.82,22.39,0.7722,18,14,0,0,0.8889,293,198,92,275,21,169,-0.6432,-0.7737,1.8085,-0.2275,-1.8735,-1.0989,1.1486,-0.0017
Amine Adli,Bournemouth,ATT,ALA,1036.0,-0.3773,-0.3915,-0.3007,-0.0431,-0.2929,-0.2385,0.4187,10.2084,0.9936,0.2703,0.4609,0.3845,0.4787,0.4617,3,3.58,0.838,-0.3065,-0.58,0.311,0.1103,1.0339,0.1197,-0.789,26.04,0.5772,38,31,0,0,0.9079,294,288,69,146,159,145,-0.1185,-1.5509,-0.1147,-1.255,-0.0134,0.0074,0.1497,0.2483
Rico Henry,Brentford,DIF,TERZINO,1315.0,-0.3881,-0.438,-0.1978,-0.409,-0.3019,-0.2984,0.0685,4.2368,1.0327,0.2798,0.0889,0.0787,0.0866,0.0902,0,0.15,,-0.3873,-0.15,0.01,0.0219,1.0006,0.0388,-0.003,28.88,0.3116,38,25,0,0,0.8289,295,306,331,323,266,232,-1.2613,-1.7977,0.334,-0.7949,,-0.0603,-0.8271,-0.2759
Joachim Andersen,Fulham,DIF,CENTRALE,2882.0,-0.389,-0.3761,-0.336,-0.3792,-0.2681,-0.1202,0.0803,7.7142,,0.3544,0.0851,0.0877,0.0973,0.1064,0,1.66,0.0,-1.2884,-1.66,0.052,0.0184,0.9888,0.0791,0.122,29.98,0.2395,38,33,0,0,0.9342,296,232,316,275,293,107,-0.9933,-0.508,,0.1828,-1.208,-1.6017,-1.1595,0.8377
Chimuanya Ugochukwu,Burnley,CEN,MEZZALA,2407.0,-0.3897,-0.2303,-0.4994,-0.5334,-0.5762,-0.0965,0.1363,10.7302,,0.2914,0.1774,0.1204,0.1313,0.1052,3,2.62,1.145,0.2348,0.38,0.098,0.0168,0.9793,0.0527,-0.663,22.16,0.7764,38,35,0,0,0.9605,297,222,237,76,13,65,-0.9887,-0.0538,,-0.8516,0.3229,0.4581,1.2573,1.038
Kristoffer Ajer,Brentford,DIF,TERZINO,1809.0,-0.3937,-0.3421,-0.3085,-0.348,-0.559,-0.3159,0.1061,6.7844,0.907,0.1921,0.1359,0.0871,0.0935,0.074,0,1.05,0.0,-1.0247,-1.05,0.052,0.0453,0.9825,0.0108,-0.979,28.1,0.377,38,27,0,0,0.8553,298,309,282,275,237,204,-0.4078,-0.8528,-0.9563,-1.9443,-1.208,-1.1506,-0.5256,0.0033
Armando Broja,Burnley,ATT,CENTRAVANTI,822.0,-0.4078,-0.3555,-0.4127,-0.5156,-0.6296,-0.2495,0.3993,14.6992,0.9356,0.2958,0.4634,0.3551,0.426,0.4009,1,2.52,0.397,-0.9575,-1.52,0.276,0.0668,0.9663,0.2513,-0.441,24.7,0.6888,38,24,0,0,0.8158,299,292,78,234,104,247,-0.3328,-0.6798,-0.5854,-1.0028,-0.9923,-0.8063,0.7214,-0.9638
Lewis Cook,Bournemouth,CEN,MEDIANO,841.0,-0.4123,-0.2697,-0.3603,-0.2302,-0.4074,-0.4772,0.1352,5.4028,1.0289,0.3298,0.1788,0.1431,0.1767,0.1617,0,0.06,,-0.2449,-0.06,0.006,0.0385,0.9915,0.0254,-0.481,29.3,0.2812,38,17,0,0,0.7237,300,334,238,323,279,322,-1.0051,-1.6042,0.094,-0.3946,,-0.2136,-0.9143,-2.0734
Jadon Sancho,Aston Villa,ATT,ALA,860.0,-0.4126,-0.3391,-0.4328,-0.1714,-0.2754,-0.328,0.3753,9.7079,1.1511,0.3342,0.4665,0.3217,0.511,0.4876,0,0.77,0.0,-0.8775,-0.77,0.081,0.2135,0.9723,0.085,-0.861,26.16,0.5659,38,23,0,0,0.8026,301,312,90,275,164,261,-0.5995,-1.648,1.1634,-0.6231,-1.8735,-0.7063,0.0918,-1.1375
Liam Delap,Chelsea,ATT,CENTRAVANTI,1064.0,-0.4214,-0.518,-0.4397,-0.5722,-0.7221,-0.2436,0.4313,10.386,1.1197,0.4602,0.4698,0.3871,0.4643,0.4147,1,5.02,0.199,-1.7942,-4.02,0.425,0.0144,1.0076,0.1253,-0.654,23.29,0.7481,38,28,0,0,0.8684,302,289,60,246,54,191,0.021,-1.5165,0.9086,0.6231,-1.4318,-1.8521,1.0251,-0.2715
Leny Yoro,Manchester United,DIF,CENTRALE,1736.0,-0.4252,-0.5335,-0.3526,-0.4763,-0.1848,-0.2284,0.0902,4.6103,1.0312,0.2762,0.0898,0.1066,0.0835,0.1501,0,1.24,0.0,-1.1136,-1.24,0.064,0.0114,1.0247,0.0456,-0.19,20.53,0.7523,38,32,0,0,0.9211,303,284,308,275,47,126,-0.7678,-1.6592,0.3186,-0.8421,-1.208,-1.3027,1.2047,0.6992
Jean-Clair Todibo,West Ham,DIF,CENTRALE,1827.0,-0.4307,-0.5872,-0.1022,-0.2667,-0.4378,-0.3455,0.0741,6.8986,1.0318,0.2664,0.0699,0.1032,0.0853,0.0835,0,0.66,0.0,-0.8124,-0.66,0.033,0.0187,0.9746,0.0313,-0.308,26.4,0.5431,38,23,0,0,0.8026,304,316,326,275,173,261,-1.133,-0.8105,0.3248,-0.9705,-1.208,-0.7874,0.2402,-0.554
Manuel Ugarte,Manchester United,CEN,MEZZALA,850.0,-0.4349,-0.4507,-0.2782,-0.437,-0.3748,-0.2027,0.1634,5.635,0.9317,0.2697,0.1946,0.1657,0.1669,0.1808,0,0.84,0.0,-0.9165,-0.84,0.089,0.0138,0.9859,0.2618,1.385,25.12,0.6578,38,22,0,0,0.7895,305,273,210,275,125,274,-0.5783,-1.5366,-0.7394,-1.1099,-1.5398,-1.154,0.7372,-1.2089
Vitalii Mykolenko,Everton,DIF,TERZINO,2963.0,-0.4371,-0.3788,-0.4572,-0.4565,-0.3929,-0.2212,0.0563,5.961,,0.4239,0.0758,0.0563,0.0649,0.0634,0,0.27,,-0.5196,-0.27,0.008,0.0346,1.0084,0.0289,-0.328,26.99,0.4872,38,33,0,0,0.9342,306,278,340,323,196,107,-1.5376,-1.1582,,1.0936,,-0.2866,-0.0175,0.8377
Oscar Bobb,Fulham,ATT,ALA,1046.0,-0.4429,-0.4465,-0.3471,-0.3594,-0.0746,-0.2658,0.3571,10.3743,1.3218,0.3325,0.4348,0.3328,0.4592,0.4877,0,1.437,0.0,-1.1987,-1.437,0.124,0.1736,1.0224,0.367,-0.347,22.87,0.7561,38,23,0,0,0.8026,307,297,99,275,42,261,-0.8004,-1.5188,2.5486,-0.6399,-1.8735,-1.1078,1.0661,-1.1375
Will Hughes,Crystal Palace,CEN,MEZZALA,1567.0,-0.4556,-0.4605,-0.3138,-0.2652,-0.3019,-0.2644,0.1909,8.7353,0.7938,0.2941,0.2059,0.1842,0.1727,0.1931,0,1.25,0.0,-1.118,-1.25,0.072,0.1097,0.9976,0.078,-0.677,31.1,0.1886,38,31,0,0,0.9079,308,296,182,275,306,145,-0.1632,-0.6343,-1.9219,-0.8195,-1.5398,-1.4362,-1.3203,0.3468
Freddie Potts,West Ham,CEN,MEZZALA,1152.0,-0.4646,-0.4379,-0.372,-0.2335,-0.3852,-0.2586,0.1508,8.1388,0.9823,0.2768,0.1804,0.1528,0.1778,0.1649,0,0.21,,-0.4583,-0.21,0.016,0.0938,1.0098,0.0152,-0.852,22.7,0.763,38,22,0,0,0.7895,309,295,222,323,37,274,-0.7698,-0.8079,-0.3056,-1.0254,,-0.5124,1.1986,-1.2089
Ilia Gruev,Leeds,CEN,MEZZALA,1310.0,-0.4656,-0.3607,-0.4066,-0.6731,-0.566,-0.3281,0.1767,8.2692,1.0539,0.2415,0.236,0.1334,0.1278,0.1353,0,0.72,0.0,-0.8485,-0.72,0.049,0.1031,0.9619,0.1093,0.014,26.05,0.5762,38,23,0,0,0.8026,310,313,195,275,161,261,-0.3779,-0.77,0.3084,-1.4455,-1.5398,-1.0588,0.3794,-1.0367
Reinildo,Sunderland,DIF,TERZINO,1974.0,-0.4706,-0.4205,-0.4173,-0.3866,-0.2659,-0.338,0.0487,5.7518,1.0697,0.2674,0.0742,0.0525,0.0697,0.0753,0,0.17,,-0.4123,-0.17,0.008,0.0137,1.0154,0.0079,-0.591,32.34,0.1516,38,25,0,0,0.8289,311,315,342,323,317,232,-1.7098,-1.2358,0.7138,-0.9574,,-0.103,-1.5648,-0.2759
Rodrigo Bentancur,Tottenham,CEN,MEDIANO,1931.0,-0.4945,-0.4669,-0.4065,-0.3751,-0.1885,-0.4207,0.1181,8.7728,0.9613,0.3785,0.1604,0.1159,0.1552,0.1677,1,0.96,1.042,0.0408,0.04,0.045,0.0415,0.9978,0.0541,-0.353,28.91,0.3093,38,26,0,0,0.8421,312,326,267,94,269,217,-1.2639,-0.6234,-0.4856,0.185,0.1554,0.1864,-0.791,-0.5177
Jhon Arias,Wolverhampton Wanderers,ATT,ALA,1140.0,-0.5005,-0.2268,-0.7071,-0.8402,-0.6839,-0.559,0.3782,17.8105,0.9485,0.3075,0.4985,0.2855,0.3478,0.3794,1,3.3,0.303,-1.2661,-2.3,0.261,0.0711,0.9776,0.1001,-0.742,28.67,0.328,38,23,0,0,0.8026,313,338,88,241,260,261,-0.5666,-0.0762,-0.4807,-0.8871,-1.2009,-1.1921,-1.1268,-1.1375
Jacob Ramsey,Newcastle United,ATT,ALA,1421.0,-0.507,-0.4687,-0.3278,-0.4601,-0.5662,-0.2129,0.2714,8.1683,1.0339,0.3825,0.3393,0.2949,0.3301,0.3513,2,1.19,1.681,0.7425,0.81,0.075,0.1001,1.0071,0.2838,0.273,24.99,0.6679,38,28,0,0,0.8684,314,276,137,22,118,191,-1.7502,-1.9467,0.2123,-0.1454,1.8578,1.3185,0.6143,-0.2715
Tim Iroegbunam,Everton,CEN,MEDIANO,1496.0,-0.5084,-0.3866,-0.5,-0.5438,-0.586,-0.1926,0.1653,8.5419,0.9593,0.2178,0.1984,0.1541,0.1295,0.1369,0,0.5,0.0,-0.7071,-0.5,0.03,0.1107,0.9977,0.2309,-0.175,22.9,0.7548,38,29,0,0,0.8816,315,268,206,275,45,176,-0.5509,-0.6906,-0.5028,-1.7276,-1.5398,-0.8608,1.1626,0.0013
Evann Guessand,Crystal Palace,ATT,ALA,920.0,-0.525,-0.6954,-0.1386,-0.4607,-0.2852,-0.4437,0.3679,12.8659,0.7944,0.257,0.3831,0.3978,0.4289,0.4675,1,1.847,0.541,-0.6232,-0.847,0.181,0.1206,0.9985,0.2258,-0.699,24.9,0.6746,38,21,0,0,0.7763,316,330,93,211,110,288,-0.6807,-1.0354,-1.7312,-1.3865,-0.6726,-0.3885,0.6486,-1.4836
Kevin,Fulham,ATT,ALA,1002.0,-0.5367,-0.4592,-0.4346,-0.1866,-0.0638,-0.4034,0.3381,9.9017,0.9747,0.2643,0.4204,0.3188,0.4742,0.5,1,1.32,0.758,-0.2785,-0.32,0.119,0.1114,0.9824,0.1431,-0.722,23.38,0.7468,38,26,0,0,0.8421,317,325,111,168,56,217,-1.0119,-1.6104,-0.2681,-1.3143,-0.191,0.0424,1.0185,-0.6177
Ezri Konsa Ngoyo,Aston Villa,DIF,CENTRALE,3036.0,-0.5447,-0.5428,-0.5572,-0.5426,-0.4206,-0.3482,0.0619,5.7119,,0.3167,0.0793,0.0612,0.0859,0.1025,0,1.07,0.0,-1.0344,-1.07,0.032,0.0181,1.0048,0.0245,-0.504,28.58,0.3354,38,34,0,0,0.9474,318,319,336,275,255,86,-1.4094,-1.2506,,-0.3113,-1.208,-1.1672,-0.7174,0.9773
Loum Tchaouna,Burnley,ATT,ALA,1268.0,-0.5514,-0.2703,-0.5217,-0.1449,-0.0592,-0.3193,0.2895,11.5804,0.809,0.2522,0.3746,0.2872,0.3852,0.4076,2,1.23,1.626,0.6943,0.77,0.087,0.0852,0.9711,0.5063,-0.109,22.71,0.7626,38,29,0,0,0.8816,319,310,134,29,38,176,-1.5505,-1.2848,-1.6128,-1.434,1.7357,1.2583,1.0994,-0.0978
Joshua King,Fulham,ATT,TREQUARTISTA,1306.0,-0.5621,-0.4222,-0.6105,-0.349,-0.641,-0.2483,0.376,12.9402,0.8897,0.374,0.4601,0.3261,0.4451,0.4219,1,3.8,0.263,-1.4364,-2.8,0.262,0.071,1.0003,0.5818,0.677,31.21,0.1846,38,32,0,0,0.9211,320,291,89,243,307,126,-0.5915,-1.021,-0.9579,-0.2294,-1.2897,-1.4049,-1.8614,0.422
Jean-Ricner Bellegarde,Wolverhampton Wanderers,ATT,TREQUARTISTA,1268.0,-0.5742,-0.5043,-0.4541,-0.5187,-0.2351,-0.4381,0.2664,10.9754,0.8969,0.4273,0.3453,0.2839,0.3458,0.4132,1,0.87,1.149,0.1394,0.13,0.062,0.0866,0.9933,0.2844,0.111,27.91,0.3947,38,26,0,0,0.8421,321,329,142,74,232,217,-1.8063,-1.4021,-0.8995,0.2977,0.6769,0.5647,-0.7851,-0.6177
André,Wolverhampton Wanderers,CEN,MEZZALA,2763.0,-0.5864,-0.6397,-0.4712,-0.2591,-0.2918,-0.2909,0.0853,7.7519,,0.3905,0.105,0.1025,0.1379,0.1349,1,0.53,1.887,0.6456,0.47,0.017,0.041,0.9906,0.0392,-0.319,24.85,0.6783,38,35,0,0,0.9605,322,304,311,10,109,65,-1.7614,-0.9205,,0.3278,1.53,1.0333,0.8271,1.038
Maxime Estève,Burnley,DIF,CENTRALE,2946.0,-0.5975,-0.5202,-0.54,-0.4203,-0.3743,-0.36,0.0514,6.7172,,0.2493,0.0818,0.0424,0.0893,0.0945,0,0.46,,-0.6782,-0.46,0.014,0.0214,0.972,0.005,-0.853,23.99,0.7284,38,34,0,0,0.9474,323,321,341,323,73,86,-1.6492,-0.8777,,-1.1946,,-0.5579,1.0945,0.9773
Igor Jesus,Nottingham Forest,ATT,CENTRAVANTI,2379.0,-0.6055,-0.4701,-0.6998,-0.8173,-0.4881,-0.2678,0.3506,17.5254,,0.2825,0.4289,0.3029,0.324,0.3861,5,6.45,0.775,-0.5709,-1.45,0.244,0.0859,1.0055,0.2869,-0.564,25.24,0.6481,38,37,0,0,0.9868,324,298,103,163,129,26,-0.8724,-0.1315,,-1.1343,-0.1532,-0.3231,0.5129,1.2867
Hee-Chan Hwang,Wolverhampton Wanderers,ATT,CENTRAVANTI,1469.0,-0.6313,-0.4233,-0.7024,-0.5675,-0.7551,-0.4828,0.3007,14.6841,1.0353,0.4194,0.4052,0.2694,0.3897,0.3546,1,1.92,0.521,-0.664,-0.92,0.118,0.1152,1.0031,0.284,0.005,30.32,0.2219,38,26,0,0,0.8421,325,335,129,215,297,217,-1.4257,-0.6827,0.2237,0.2196,-0.717,-0.4395,-1.6703,-0.6177
Nikola Milenkovic,Nottingham Forest,DIF,CENTRALE,3360.0,-0.6359,-0.6324,-0.6502,-0.5176,-0.5344,-0.3061,0.0362,4.3782,,0.3533,0.0601,0.0348,0.0651,0.0631,0,0.5,0.0,-0.7071,-0.5,0.013,0.007,0.994,0.0487,1.435,28.61,0.3329,38,38,0,0,1.0,326,307,343,275,257,8,-1.9925,-1.7453,,0.1683,-1.208,-0.6073,-0.7289,1.5335
Dan Ndoye,Nottingham Forest,ATT,ALA,1184.0,-0.6401,-0.6526,-0.3732,-0.5615,-0.6485,-0.4271,0.3032,11.3285,0.8581,0.3426,0.3576,0.3253,0.3485,0.3685,1,1.15,0.87,-0.1399,-0.15,0.087,0.1171,0.9851,0.1868,-0.264,25.58,0.6191,38,24,0,0,0.8158,327,328,128,133,141,247,-1.3983,-1.3337,-1.2143,-0.54,0.0576,0.2156,0.3643,-0.9638
Chemsdine Talbi,Sunderland,ATT,ALA,1556.0,-0.6462,-0.6862,-0.3197,-0.6742,-0.4448,-0.3702,0.2569,11.3098,0.924,0.3621,0.3024,0.2992,0.3303,0.3785,4,2.32,1.724,1.103,1.68,0.134,0.0347,1.0033,0.0745,-0.552,21.04,0.7682,38,28,0,0,0.8684,328,322,148,18,29,191,-1.9108,-1.3373,-0.6795,-0.3471,1.9532,1.7691,1.1281,-0.2715
Justin Devenny,Crystal Palace,ATT,TREQUARTISTA,762.0,-0.6547,-0.6056,-0.5547,-0.459,-0.2907,-0.476,0.3447,8.3694,0.9575,0.2665,0.4114,0.3409,0.4142,0.442,0,1.49,0.0,-1.2207,-1.49,0.176,0.039,1.0226,0.1822,-0.859,22.62,0.7658,38,21,0,0,0.7763,329,333,107,275,34,288,-0.9388,-1.9077,-0.4077,-1.2926,-1.8735,-1.1353,1.1158,-1.4836
João Gomes,Wolverhampton Wanderers,CEN,MEZZALA,2845.0,-0.6573,-0.6831,-0.6034,-0.521,-0.6695,-0.2827,0.1059,9.6854,,0.362,0.1388,0.103,0.1341,0.104,1,1.23,0.813,-0.2074,-0.23,0.039,0.0452,0.9941,0.0551,-0.364,25.28,0.6449,38,35,0,0,0.9605,330,302,283,154,132,65,-1.4497,-0.3578,,-0.0114,-0.2172,-0.1611,0.6807,1.038
Carlos Baleba,Brighton,CEN,MEDIANO,1692.0,-0.6628,-0.756,-0.5148,-0.5543,-0.6331,-0.1834,0.1161,5.3897,1.0903,0.344,0.1534,0.1218,0.1545,0.1479,0,0.56,0.0,-0.7483,-0.56,0.03,0.0426,1.005,0.2099,1.982,22.39,0.7722,38,31,0,0,0.9079,331,265,269,275,21,145,-1.2944,-1.608,0.6205,-0.2256,-1.5398,-0.9185,1.2389,0.3468
Dwight McNeil,Everton,ATT,ALA,1184.0,-0.6719,-0.7485,-0.4197,-0.379,-0.1345,-0.5781,0.3193,13.3527,0.8561,0.3776,0.3677,0.3362,0.4219,0.4942,0,1.47,0.0,-1.2124,-1.47,0.112,0.1323,1.0035,0.2225,-0.174,26.5,0.5336,38,22,0,0,0.7895,332,339,118,275,179,274,-1.2195,-0.941,-1.2305,-0.1938,-1.8735,-1.1249,-0.0736,-1.3099
Sander Berge,Fulham,CEN,MEDIANO,2935.0,-0.6792,-0.49,-0.8981,-0.8098,-0.9515,-0.3995,0.119,8.9004,,0.4115,0.168,0.0953,0.1106,0.0987,0,1.34,0.0,-1.1576,-1.34,0.041,0.061,1.0098,0.2012,0.969,28.27,0.3618,38,35,0,0,0.9605,333,324,265,275,241,65,-1.2506,-0.5863,,0.5777,-1.5398,-1.4916,-0.5608,1.038
Emile Smith-Rowe,Fulham,ATT,TREQUARTISTA,1933.0,-0.684,-0.5634,-0.6811,-0.7003,-0.4703,-0.3254,0.315,12.4786,,0.3341,0.3995,0.2831,0.3821,0.4233,3,4.25,0.706,-0.6063,-1.25,0.198,0.0656,0.9944,0.2126,-0.513,25.82,0.5976,38,37,0,0,0.9868,334,311,120,183,149,26,-1.2672,-1.1105,,-0.624,-0.3064,-0.3674,0.2542,1.2867
Yehor Yarmolyuk,Brentford,CEN,MEDIANO,2679.0,-0.7422,-0.7535,-0.7473,-0.7092,-0.8856,-0.3116,0.1098,5.87,,0.3227,0.1649,0.087,0.1552,0.1091,1,1.36,0.735,-0.3087,-0.36,0.046,0.0417,1.0011,0.016,-0.793,22.23,0.7753,38,37,0,0,0.9868,335,308,276,176,16,26,-1.3904,-1.4682,,-0.4791,-0.3441,-0.303,1.2525,1.3835
Ethan Ampadu,Leeds,CEN,MEZZALA,3130.0,-0.7503,-0.7376,-0.8366,-0.8591,-0.9018,-0.3593,0.1074,7.2004,,0.3639,0.1512,0.093,0.1075,0.1067,1,1.95,0.513,-0.6803,-0.95,0.056,0.0339,1.0183,0.0544,-0.392,25.69,0.6093,38,35,0,0,0.9605,336,320,279,217,144,65,-1.426,-1.081,,0.0112,-0.7052,-0.8233,0.5245,1.038
Anthony Elanga,Newcastle United,ATT,ALA,1289.0,-0.7917,-0.735,-0.5972,-0.651,-0.8141,-0.2436,0.3199,8.6842,0.8266,0.275,0.3912,0.3164,0.3832,0.3595,0,1.46,0.0,-1.2083,-1.46,0.102,0.1229,0.9906,1.1631,2.09,24.07,0.7249,38,32,0,0,0.9211,337,289,116,275,79,126,-1.2128,-1.8466,-1.4699,-1.2085,-1.8735,-1.1198,0.9063,0.422
Lamare Bogarde,Aston Villa,CEN,MEDIANO,1011.0,-0.8095,-0.7554,-0.6821,-0.5146,-0.6513,-0.5057,0.1157,3.6026,1.0768,0.2141,0.1595,0.137,0.1574,0.1474,0,0.0,,,0.0,0.0,0.0036,0.9922,0.0,-1.0,22.38,0.7724,38,28,0,0,0.8684,338,337,270,323,19,191,-1.3004,-2.128,0.5048,-1.7716,,,1.2398,-0.1722
Randal Kolo Muani,Tottenham,ATT,CENTRAVANTI,1704.0,-0.8736,-0.7457,-0.948,-0.5624,-0.553,-0.6327,0.3048,13.3391,0.9893,0.3759,0.3831,0.2817,0.4291,0.4407,1,2.71,0.369,-1.0388,-1.71,0.143,0.0982,0.9742,0.2507,-0.237,27.47,0.4377,38,30,0,0,0.8947,339,342,127,236,216,162,-1.3809,-0.9436,-0.1496,-0.2107,-1.0544,-0.9079,-0.5649,0.0746
Noah Sadiki,Sunderland,CEN,MEDIANO,2914.0,-0.889,-0.873,-0.8707,-0.5983,-0.1583,-0.4736,0.1001,8.9008,,0.3891,0.1361,0.0938,0.1492,0.1959,0,1.63,0.0,-1.2767,-1.63,0.05,0.0284,1.0078,0.1773,1.244,21.43,0.7759,38,33,0,0,0.9342,340,332,293,275,14,107,-1.5363,-0.5862,,0.3111,-1.5398,-1.6584,1.2551,0.6924
Florentino Luís,Burnley,CEN,MEZZALA,2146.0,-0.8962,-0.8767,-0.7685,-0.4378,-0.5703,-0.6404,0.0998,8.5281,0.8796,0.3172,0.1388,0.1002,0.1624,0.156,0,1.04,0.0,-1.0198,-1.04,0.044,0.0222,0.9774,0.0299,-0.495,26.76,0.5089,38,31,0,0,0.9079,341,343,294,275,189,145,-1.5417,-0.6946,-1.1862,-0.5446,-1.5398,-1.2987,0.0843,0.3468
Brennan Johnson,Crystal Palace,ATT,ALA,1709.0,-0.9638,-0.725,-0.9858,-0.6602,-0.5547,-0.5793,0.2806,10.2846,0.809,0.2731,0.3756,0.2598,0.3877,0.4073,2,2.602,0.769,-0.3732,-0.602,0.137,0.0683,1.0082,0.1191,-0.592,25.0,0.6672,38,34,0,0,0.9474,342,340,136,165,119,86,-1.6491,-1.5362,-1.6128,-1.2273,-0.1665,-0.076,0.6107,0.7682
Jørgen Strand Larsen,Crystal Palace,ATT,CENTRAVANTI,2353.0,-1.0186,-1.241,-0.655,-0.7196,-0.8278,-0.6173,0.2693,14.0336,0.7326,0.3956,0.291,0.309,0.3753,0.3567,3,5.02,0.598,-0.9016,-2.02,0.192,0.0265,0.9794,0.3341,0.067,26.29,0.5536,38,36,0,0,0.9737,343,341,138,205,167,45,-1.7737,-0.8089,-2.2327,-0.0158,-0.5461,-0.7365,0.0288,1.1143
